uniprot_accession,organism,organism_type,gh_family,model_path,dbd2_pair,dbd2_score,dbd2_prediction,dbd2_interpretation
A0A286N5W6,Paenibacillus massiliensis subsp. panacisoli,bacterial,GH10,/home/ubuntu/xylanase/xylanase/models/swiss_model/outputs/A0A286N5W6_swissmodel.pdb,A221C-A242C,0.57,favorable,ideal geometry with low energy; long-range disulfide likely stabilizing
A0A3Q8TLG0,Thermobifida fusca (Thermomonospora fusca),bacterial,GH10,/home/ubuntu/xylanase/xylanase/models/swiss_model/outputs/A0A3Q8TLG0_swissmodel.pdb,A86C-A125C,0.51,favorable,ideal geometry with low energy; long-range disulfide likely stabilizing
A0A5P6VQ80,Pseudobutyrivibrio xylanivorans,bacterial,GH10,/home/ubuntu/xylanase/xylanase/models/swiss_model/outputs/A0A5P6VQ80_swissmodel.pdb,A130C-A188C,0.64,favorable,ideal geometry with low energy; long-range disulfide likely stabilizing
A0A5P6VU75,Pseudobutyrivibrio xylanivorans,bacterial,GH10,/home/ubuntu/xylanase/xylanase/models/swiss_model/outputs/A0A5P6VU75_swissmodel.pdb,A289C-A327C,0.69,favorable,ideal geometry with low energy; long-range disulfide likely stabilizing
A0A8D5NM93,Streptomyces thermogriseus,bacterial,GH10,/home/ubuntu/xylanase/xylanase/models/swiss_model/outputs/A0A8D5NM93_swissmodel.pdb,A209C-A242C,0.71,favorable,ideal geometry with low energy; long-range disulfide likely stabilizing
A0AAW8VCD8,Bacteroides cellulosilyticus,bacterial,GH10,/home/ubuntu/xylanase/xylanase/models/swiss_model/outputs/A0AAW8VCD8_swissmodel.pdb,A106C-A154C,1.39,favorable,ideal geometry with low energy; long-range disulfide likely stabilizing
A0ABM8UZ22,Thermobacillus xylanilyticus,bacterial,GH10,/home/ubuntu/xylanase/xylanase/models/swiss_model/outputs/A0ABM8UZ22_swissmodel.pdb,A436C-A465C,0.91,favorable,ideal geometry with low energy; long-range disulfide likely stabilizing
A0ABN7S7D7,Thermobacillus xylanilyticus,bacterial,GH10,/home/ubuntu/xylanase/xylanase/models/swiss_model/outputs/A0ABN7S7D7_swissmodel.pdb,A180C-A252C,1.28,favorable,ideal geometry with low energy; long-range disulfide likely stabilizing
A0ABN7S882,Thermobacillus xylanilyticus,bacterial,GH10,/home/ubuntu/xylanase/xylanase/models/swiss_model/outputs/A0ABN7S882_swissmodel.pdb,A109C-A153C,1.08,favorable,ideal geometry with low energy; long-range disulfide likely stabilizing
A7TVD4,Streptomyces fradiae (Streptomyces roseoflavus),bacterial,GH10,/home/ubuntu/xylanase/xylanase/models/swiss_model/outputs/A7TVD4_swissmodel.pdb,A209C-A242C,0.72,favorable,ideal geometry with low energy; long-range disulfide likely stabilizing
B1A3N2,Paenibacillus curdlanolyticus,bacterial,GH10,/home/ubuntu/xylanase/xylanase/models/swiss_model/outputs/B1A3N2_swissmodel.pdb,A860C-A899C,0.28,favorable,ideal geometry with low energy; long-range disulfide likely stabilizing
E0RYH1,Butyrivibrio proteoclasticus (strain ATCC 51982 / DSM 14932 / B316) (Clostridium proteoclasticum),bacterial,GH10,/home/ubuntu/xylanase/xylanase/models/swiss_model/outputs/E0RYH1_swissmodel.pdb,A190C-A277C,0.18,favorable,ideal geometry with low energy; long-range disulfide likely stabilizing
E0S1S5,Butyrivibrio proteoclasticus (strain ATCC 51982 / DSM 14932 / B316) (Clostridium proteoclasticum),bacterial,GH10,/home/ubuntu/xylanase/xylanase/models/swiss_model/outputs/E0S1S5_swissmodel.pdb,A107C-A180C,0.03,favorable,ideal geometry with low energy; long-range disulfide likely stabilizing
E0S1Z8,Butyrivibrio proteoclasticus (strain ATCC 51982 / DSM 14932 / B316) (Clostridium proteoclasticum),bacterial,GH10,/home/ubuntu/xylanase/xylanase/models/swiss_model/outputs/E0S1Z8_swissmodel.pdb,A187C-A219C,1.19,favorable,ideal geometry with low energy; long-range disulfide likely stabilizing
E0S2F5,Butyrivibrio proteoclasticus (strain ATCC 51982 / DSM 14932 / B316) (Clostridium proteoclasticum),bacterial,GH10,/home/ubuntu/xylanase/xylanase/models/swiss_model/outputs/E0S2F5_swissmodel.pdb,A911C-A1029C,0.42,favorable,ideal geometry with low energy; long-range disulfide likely stabilizing
E9SDY0,Ruminococcus albus 8,bacterial,GH10,/home/ubuntu/xylanase/xylanase/models/swiss_model/outputs/E9SDY0_swissmodel.pdb,A191C-A223C,1.11,favorable,ideal geometry with low energy; long-range disulfide likely stabilizing
J7JXS8,Caldanaerobius polysaccharolyticus,bacterial,GH10,/home/ubuntu/xylanase/xylanase/models/swiss_model/outputs/J7JXS8_swissmodel.pdb,A704C-A743C,0.09,favorable,ideal geometry with low energy; long-range disulfide likely stabilizing
Q21NZ2,Saccharophagus degradans (strain 2-40 / ATCC 43961 / DSM 17024),bacterial,GH10,/home/ubuntu/xylanase/xylanase/models/swiss_model/outputs/Q21NZ2_swissmodel.pdb,A274C-A571C,0.37,favorable,ideal geometry with low energy; long-range disulfide likely stabilizing
Q9RQB7,Xylanimonas pachnodae,bacterial,GH10,/home/ubuntu/xylanase/xylanase/models/swiss_model/outputs/Q9RQB7_swissmodel.pdb,A946C-A982C,0.35,favorable,ideal geometry with low energy; long-range disulfide likely stabilizing
A0A0S3G5Y8,,bacterial,GH11,/home/ubuntu/xylanase/xylanase/models/swiss_model/outputs/A0A0S3G5Y8_swissmodel.pdb,A57C-A186C,1.46,favorable,ideal geometry with low energy; long-range disulfide likely stabilizing
A0A291NUI0,,bacterial,GH11,/home/ubuntu/xylanase/xylanase/models/swiss_model/outputs/A0A291NUI0_swissmodel.pdb,A128C-A176C,1.27,favorable,ideal geometry with low energy; long-range disulfide likely stabilizing
A0A2L1GH36,,bacterial,GH11,/home/ubuntu/xylanase/xylanase/models/swiss_model/outputs/A0A2L1GH36_swissmodel.pdb,A327C-A352C,1.72,favorable,ideal geometry with low energy; long-range disulfide likely stabilizing
E9SA77,Ruminococcus albus 8,bacterial,GH11,/home/ubuntu/xylanase/xylanase/models/swiss_model/outputs/E9SA77_swissmodel.pdb,A613C-A643C,1.17,favorable,ideal geometry with low energy; long-range disulfide likely stabilizing
A0A024FSH9,,fungal,GH10,/home/ubuntu/xylanase/xylanase/models/swiss_model/outputs/A0A024FSH9_swissmodel.pdb,A327C-A382C,0.87,favorable,ideal geometry with low energy; long-range disulfide likely stabilizing
A0A059P9J8,,fungal,GH10,/home/ubuntu/xylanase/xylanase/models/swiss_model/outputs/A0A059P9J8_swissmodel.pdb,A203C-A236C,0.47,favorable,ideal geometry with low energy; long-range disulfide likely stabilizing
A0A0C4K5J5,,fungal,GH10,/home/ubuntu/xylanase/xylanase/models/swiss_model/outputs/A0A0C4K5J5_swissmodel.pdb,A191C-A224C,1.38,favorable,ideal geometry with low energy; long-range disulfide likely stabilizing
A0A2Z5XER4,,fungal,GH10,/home/ubuntu/xylanase/xylanase/models/swiss_model/outputs/A0A2Z5XER4_swissmodel.pdb,A103C-A145C,0.24,favorable,ideal geometry with low energy; long-range disulfide likely stabilizing
A0A291B2S7,,fungal,GH11,/home/ubuntu/xylanase/xylanase/models/swiss_model/outputs/A0A291B2S7_swissmodel.pdb,A85C-A203C,1.31,favorable,ideal geometry with low energy; long-range disulfide likely stabilizing
A0A8H8R2B4,,fungal,GH11,/home/ubuntu/xylanase/xylanase/models/swiss_model/outputs/A0A8H8R2B4_swissmodel.pdb,A47C-A86C,1.48,favorable,ideal geometry with low energy; long-range disulfide likely stabilizing
A0A8T9BDL5,,fungal,GH11,/home/ubuntu/xylanase/xylanase/models/swiss_model/outputs/A0A8T9BDL5_swissmodel.pdb,A86C-A204C,0.99,favorable,ideal geometry with low energy; long-range disulfide likely stabilizing
