uniprot_accession,organism,organism_type,gh_family,optimum_temperature,optimum_pH,gravy,predicted_pI,instability_index,aromaticity,molecular_weight,hbond_proxy,salt_bridge_proxy,disulfide_count,model_path,template,gmqe,qmean,mutation_chain,mutation,mutation_rationale,duet_ddg
A0A0B5JC15,Humicola insolens (Soft-rot fungus),fungal,GH11,,,-0.6518900343642612,8.702732276916507,24.432989690721644,0.12371134020618554,30839.0577,13378.0,204.0,0.0,/home/ubuntu/xylanase/xylanase/models/swiss_model/outputs/A0A0B5JC15_swissmodel.pdb,,,,A,,,
B3VSG7,Botryotinia fuckeliana (strain B05.10) (Noble rot fungus) (Botrytis cinerea),fungal,GH11,,,-0.19691629955947135,7.798498725891113,25.280616740088092,0.1277533039647577,23823.7747,13257.0,154.0,0.0,/home/ubuntu/xylanase/xylanase/models/swiss_model/outputs/B3VSG7_swissmodel.pdb,,,,A,,,
D5EY13,Xylanibacter ruminicola (strain ATCC 19189 / DSM 19721 / CIP 105475 / JCM 8958 / 23) (Prevotella ruminicola),bacterial,GH10,,,-0.4862258953168045,7.900358772277832,36.533085399449156,0.11983471074380166,82287.8563,24110.0,1886.0,0.0,/home/ubuntu/xylanase/xylanase/models/swiss_model/outputs/D5EY13_swissmodel.pdb,,,,A,,,
P83513,Pseudobutyrivibrio xylanivorans,bacterial,GH11,,5.6,-0.4950166112956811,5.494932365417481,27.429750830564775,0.106312292358804,65922.14069999999,24157.0,992.0,0.0,/home/ubuntu/xylanase/xylanase/models/swiss_model/outputs/P83513_swissmodel.pdb,,,,A,,,
P23030,Cellvibrio japonicus (strain Ueda107) (Pseudomonas fluorescens subsp. cellulosa),bacterial,GH10,,,-0.3011686143572621,6.365250968933106,32.64075125208682,0.09682804674457428,64362.0887,20765.0,667.0,0.0,/home/ubuntu/xylanase/xylanase/models/swiss_model/outputs/P23030_swissmodel.pdb,,,,A,,,
P84195,Gloeophyllum trabeum (Brown rot fungus) (Agaricus trabeus),fungal,GH10,,,-0.048888888888888905,4.558112144470216,31.25333333333333,0.1111111111111111,4771.2931,2937.0,6.0,0.0,/home/ubuntu/xylanase/xylanase/models/swiss_model/outputs/P84195_swissmodel.pdb,,,,A,,,
Q2LMP0,Botryotinia fuckeliana (Noble rot fungus) (Botrytis cinerea),fungal,GH11,,,-0.19691629955947135,7.798498725891113,25.280616740088092,0.1277533039647577,23823.7747,13257.0,154.0,0.0,/home/ubuntu/xylanase/xylanase/models/swiss_model/outputs/Q2LMP0_swissmodel.pdb,,,,A,,,
Q4P0L3,Mycosarcoma maydis (Corn smut fungus) (Ustilago maydis),fungal,GH11,,,-0.4828054298642534,8.939524650573734,28.49909502262442,0.14932126696832582,23812.6286,12722.0,144.0,0.0,/home/ubuntu/xylanase/xylanase/models/swiss_model/outputs/Q4P0L3_swissmodel.pdb,,,,A,,,
Q59674,Cellvibrio japonicus (Pseudomonas fluorescens subsp. cellulosa),bacterial,GH11,,,-0.4576399394856278,6.405947685241699,31.956323751891084,0.09379727685325263,69192.0882,14376.0,165.0,0.0,/home/ubuntu/xylanase/xylanase/models/swiss_model/outputs/Q59674_swissmodel.pdb,,,,A,,,
V9TS54,Humicola insolens (Soft-rot fungus),fungal,GH11,,,-0.4981900452488688,8.72768154144287,34.21769230769231,0.14479638009049775,24700.994700000007,14356.0,352.0,0.0,/home/ubuntu/xylanase/xylanase/models/swiss_model/outputs/V9TS54_swissmodel.pdb,,,,A,,,
V9TXH2,Paenibacillus barcinonensis,bacterial,GH11,,,-0.4119047619047619,9.300160789489743,19.571476190476183,0.17142857142857146,23145.1996,13062.0,88.0,0.0,/home/ubuntu/xylanase/xylanase/models/swiss_model/outputs/V9TXH2_swissmodel.pdb,,,,A,,,
B3PIN1,Cellvibrio japonicus (strain Ueda107) (Pseudomonas fluorescens subsp. cellulosa),bacterial,GH11,,,-0.4576399394856278,6.405947685241699,31.956323751891084,0.09379727685325263,69192.0882,14376.0,165.0,0.0,/home/ubuntu/xylanase/xylanase/models/swiss_model/outputs/B3PIN1_swissmodel.pdb,,,,A,,,
J7FK35,Aspergillus oryzae (Yellow koji mold),fungal,GH10,,,-0.2357293868921776,4.7242525100708,34.57061310782239,0.09513742071881606,50360.8876,32205.0,1530.0,0.0,/home/ubuntu/xylanase/xylanase/models/swiss_model/outputs/J7FK35_swissmodel.pdb,,,,A,,,
Q1K5S8,Neurospora crassa (strain ATCC 24698 / 74-OR23-1A / CBS 708.71 / DSM 1257 / FGSC 987),fungal,GH11,,,-0.4873720136518772,8.466326713562013,22.902423208191127,0.1296928327645051,30776.0522,13408.0,150.0,0.0,/home/ubuntu/xylanase/xylanase/models/swiss_model/outputs/Q1K5S8_swissmodel.pdb,,,,A,,,
Q21G61,Saccharophagus degradans (strain 2-40 / ATCC 43961 / DSM 17024),bacterial,GH11,,,-0.5413298565840938,4.607050514221191,27.05868318122554,0.09256844850065188,80783.6335,13752.0,143.0,0.0,/home/ubuntu/xylanase/xylanase/models/swiss_model/outputs/Q21G61_swissmodel.pdb,,,,A,,,
Q8VP72,Cellvibrio japonicus (Pseudomonas fluorescens subsp. cellulosa),bacterial,GH11,,,-0.4840336134453782,8.669659996032717,32.80117647058824,0.1176470588235294,37911.55280000001,19332.0,280.0,0.0,/home/ubuntu/xylanase/xylanase/models/swiss_model/outputs/Q8VP72_swissmodel.pdb,,,,A,,,
Q96UV7,Lentinula edodes (Shiitake mushroom) (Lentinus edodes),fungal,GH11,,,-0.2346289752650177,4.550041007995605,29.285194346289746,0.12367491166077738,29473.8211,13075.0,96.0,0.0,/home/ubuntu/xylanase/xylanase/models/swiss_model/outputs/Q96UV7_swissmodel.pdb,,,,A,,,
U5HTZ3,Gloeophyllum trabeum (Brown rot fungus) (Agaricus trabeus),fungal,GH10,,,-0.06565656565656566,5.940493202209471,31.210378787878774,0.09090909090909093,41812.4407,26966.0,783.0,0.0,/home/ubuntu/xylanase/xylanase/models/swiss_model/outputs/U5HTZ3_swissmodel.pdb,,,,A,,,
A0A024FRL8,Irpex lacteus (Milk-white toothed polypore) (Polyporus tulipiferae),fungal,GH10,,,0.07329842931937172,6.0748605728149405,31.71782722513088,0.09162303664921466,39971.333,25701.0,675.0,0.0,/home/ubuntu/xylanase/xylanase/models/swiss_model/outputs/A0A024FRL8_swissmodel.pdb,,,,A,,,
A0A024FRX8,Irpex lacteus (Milk-white toothed polypore) (Polyporus tulipiferae),fungal,GH10,,,0.03159268929503916,5.801578712463377,31.862167101827666,0.09138381201044388,40181.4718,25811.0,702.0,0.0,/home/ubuntu/xylanase/xylanase/models/swiss_model/outputs/A0A024FRX8_swissmodel.pdb,,,,A,,,
A0A024FS83,Irpex lacteus (Milk-white toothed polypore) (Polyporus tulipiferae),fungal,GH10,,,-0.010552763819095487,4.783137702941893,29.24349246231155,0.10301507537688442,42553.3211,27470.0,720.0,0.0,/home/ubuntu/xylanase/xylanase/models/swiss_model/outputs/A0A024FS83_swissmodel.pdb,,,,A,,,
A0A024FSH9,Irpex lacteus (Milk-white toothed polypore) (Polyporus tulipiferae),fungal,GH10,,,-0.08539603960396043,4.492633628845215,31.8834405940594,0.099009900990099,42897.0231,27792.0,600.0,0.0,/home/ubuntu/xylanase/xylanase/models/swiss_model/outputs/A0A024FSH9_swissmodel.pdb,,,,A,,,
A0A059P9J8,Gloeophyllum trabeum (Brown rot fungus) (Agaricus trabeus),fungal,GH10,,,-0.09743589743589744,4.572833442687989,28.083789173789164,0.09401709401709403,37931.1541,22618.0,748.0,0.0,/home/ubuntu/xylanase/xylanase/models/swiss_model/outputs/A0A059P9J8_swissmodel.pdb,,,,A,,,
A0A075WJH8,Malbranchea pulchella,fungal,GH10,45,3.5,-0.2080808080808081,4.556236457824707,28.68840909090909,0.10606060606060606,42587.685,22700.0,980.0,0.0,/home/ubuntu/xylanase/xylanase/models/swiss_model/outputs/A0A075WJH8_swissmodel.pdb,,,,A,,,
A0A0C4K5J5,Papiliotrema flavescens,fungal,GH10,,,-0.2523255813953489,4.653090095520018,30.89566860465116,0.12209302325581395,38408.5756,23100.0,1320.0,0.0,/home/ubuntu/xylanase/xylanase/models/swiss_model/outputs/A0A0C4K5J5_swissmodel.pdb,,,,A,,,
A0A0F9XA32,Trichoderma harzianum (Hypocrea lixii),fungal,GH11,,,-0.3380090497737557,7.87437801361084,19.08013574660632,0.14932126696832576,23850.7605,13160.0,112.0,0.0,/home/ubuntu/xylanase/xylanase/models/swiss_model/outputs/A0A0F9XA32_swissmodel.pdb,,,,A,,,
A0A0K3A1E7,Xanthomonas graminis pv. arrhenatheri LMG 727,bacterial,GH10,,,-0.2141089108910891,7.134850883483888,29.30173267326732,0.09653465346534654,44544.2138,28377.0,2632.0,0.0,/home/ubuntu/xylanase/xylanase/models/swiss_model/outputs/A0A0K3A1E7_swissmodel.pdb,,,,A,,,
A0A0K3A9X5,Xanthomonas graminis pv. poae,bacterial,GH10,,,-0.19851116625310172,8.763783836364745,28.882382133995034,0.09925558312655088,44466.2062,28451.0,2520.0,0.0,/home/ubuntu/xylanase/xylanase/models/swiss_model/outputs/A0A0K3A9X5_swissmodel.pdb,,,,A,,,
A0A0S3G5Y8,Bacillus sp. SC-2014,bacterial,GH11,,,-0.4536082474226804,9.051054954528807,21.518041237113394,0.15979381443298968,21156.827,13539.0,112.0,0.0,/home/ubuntu/xylanase/xylanase/models/swiss_model/outputs/A0A0S3G5Y8_swissmodel.pdb,,,,A,,,
A0A0U2V335,Thermoactinospora rubra,bacterial,GH10,,,-0.21990291262135925,5.053804969787596,36.8175,0.0970873786407767,46116.6821,28561.0,3127.0,0.0,/home/ubuntu/xylanase/xylanase/models/swiss_model/outputs/A0A0U2V335_swissmodel.pdb,,,,A,,,
A0A173M083,Ruminiclostridium josui (Clostridium josui),bacterial,GH10,,,-0.2504621072088725,5.2216505050659165,27.12883548983365,0.11275415896487985,59886.05769999999,21743.0,918.0,0.0,/home/ubuntu/xylanase/xylanase/models/swiss_model/outputs/A0A173M083_swissmodel.pdb,,,,A,,,
A0A1X9RHS0,Paenibacillus amylolyticus,bacterial,GH10,,,-0.4687687687687688,5.323562812805174,47.40093093093092,0.11711711711711713,38731.1001,24906.0,2499.0,0.0,/home/ubuntu/xylanase/xylanase/models/swiss_model/outputs/A0A1X9RHS0_swissmodel.pdb,,,,A,,,
A0A286N5W6,Paenibacillus massiliensis subsp. panacisoli,bacterial,GH10,,,-0.3501108647450111,4.7145898818969725,33.004911308204115,0.0942350332594235,98762.3606,63002.0,7676.0,0.0,/home/ubuntu/xylanase/xylanase/models/swiss_model/outputs/A0A286N5W6_swissmodel.pdb,,,,A,,,
A0A291B2R6,Humicola insolens (Soft-rot fungus),fungal,GH11,,,-0.7004405286343612,8.615957832336429,32.517268722466945,0.16740088105726872,25614.6671,14030.0,204.0,0.0,/home/ubuntu/xylanase/xylanase/models/swiss_model/outputs/A0A291B2R6_swissmodel.pdb,,,,A,,,
A0A291B2S7,Humicola insolens (Soft-rot fungus),fungal,GH11,,,-0.6551020408163265,8.702732276916507,23.243877551020397,0.12244897959183673,31091.3274,13378.0,204.0,0.0,/home/ubuntu/xylanase/xylanase/models/swiss_model/outputs/A0A291B2S7_swissmodel.pdb,,,,A,,,
A0A291B2W8,Humicola insolens (Soft-rot fungus),fungal,GH11,,,-0.4766519823788546,8.489664268493652,31.323788546255496,0.1365638766519824,24999.4456,14017.0,300.0,0.0,/home/ubuntu/xylanase/xylanase/models/swiss_model/outputs/A0A291B2W8_swissmodel.pdb,,,,A,,,
A0A291NUE5,Bacillus licheniformis,bacterial,GH11,50,6.0,-0.44788732394366204,9.645646858215333,23.65727699530516,0.16431924882629104,23478.6322,13203.0,136.0,0.0,/home/ubuntu/xylanase/xylanase/models/swiss_model/outputs/A0A291NUE5_swissmodel.pdb,,,,A,,,
A0A291NUI0,Bacillus subtilis,bacterial,GH11,100,5.0,-0.4281690140845071,9.442055702209473,15.86619718309859,0.1596244131455399,23358.412600000003,13167.0,126.0,0.0,/home/ubuntu/xylanase/xylanase/models/swiss_model/outputs/A0A291NUI0_swissmodel.pdb,,,,A,,,
A0A2D0WJC8,Evansstolkia leycettana,fungal,GH11,60,,-0.4552995391705069,4.630866050720214,24.888479262672806,0.16129032258064516,23412.9231,13258.0,112.0,0.0,/home/ubuntu/xylanase/xylanase/models/swiss_model/outputs/A0A2D0WJC8_swissmodel.pdb,,,,A,,,
A0A2L1GH36,Caldicoprobacter sp,bacterial,GH11,,,-0.19631578947368425,8.38522548675537,16.2058947368421,0.1263157894736842,41699.2869,26309.0,667.0,0.0,/home/ubuntu/xylanase/xylanase/models/swiss_model/outputs/A0A2L1GH36_swissmodel.pdb,,,,A,,,
A0A2L1GIZ3,Penicillium sp,fungal,GH11,,,-0.4513761467889909,4.2225347518920895,20.971559633027507,0.1513761467889908,23617.0298,14944.0,242.0,0.0,/home/ubuntu/xylanase/xylanase/models/swiss_model/outputs/A0A2L1GIZ3_swissmodel.pdb,,,,A,,,
A0A2P0ZW24,Paenibacillus woosongensis,bacterial,GH10,,,-0.3070686070686071,7.724384880065918,21.823492723492716,0.11434511434511435,51936.0809,33083.0,1353.0,0.0,/home/ubuntu/xylanase/xylanase/models/swiss_model/outputs/A0A2P0ZW24_swissmodel.pdb,,,,A,,,
A0A2Z5XER4,Penicillium sp,fungal,GH10,,,-0.0972772277227723,5.064263343811034,28.416113861386126,0.09653465346534654,42768.1713,27619.0,754.0,0.0,/home/ubuntu/xylanase/xylanase/models/swiss_model/outputs/A0A2Z5XER4_swissmodel.pdb,,,,A,,,
A0A3Q8TLG0,Thermobifida fusca (Thermomonospora fusca),bacterial,GH10,,,-0.5974895397489539,5.20727024078369,42.91612970711297,0.098326359832636,53806.4271,34360.0,4824.0,0.0,/home/ubuntu/xylanase/xylanase/models/swiss_model/outputs/A0A3Q8TLG0_swissmodel.pdb,,,,A,,,
A0A411KZA6,Allostreptomyces psammosilenae,bacterial,GH10,,,-0.21494949494949495,5.5515439987182615,26.29333333333333,0.08888888888888889,52445.555,33401.0,1296.0,0.0,/home/ubuntu/xylanase/xylanase/models/swiss_model/outputs/A0A411KZA6_swissmodel.pdb,,,,A,,,
A0A4D6DK93,Streptomyces ipomoeae,bacterial,GH10,75 - 80,6.5,-0.3624242424242424,7.206638526916504,32.50939393939395,0.10303030303030304,36685.8377,23677.0,1794.0,0.0,/home/ubuntu/xylanase/xylanase/models/swiss_model/outputs/A0A4D6DK93_swissmodel.pdb,,,,A,,,
A0A5P6VQ80,Pseudobutyrivibrio xylanivorans,bacterial,GH10,,5.6,-0.4403458213256484,8.638134956359862,16.463559077809798,0.11527377521613832,76443.6331,48490.0,3432.0,0.0,/home/ubuntu/xylanase/xylanase/models/swiss_model/outputs/A0A5P6VQ80_swissmodel.pdb,,,,A,,,
A0A5P6VU75,Pseudobutyrivibrio xylanivorans,bacterial,GH10,,5.6,-0.6131274131274131,4.602503395080566,31.099467181467382,0.09111969111969112,143683.3278,39579.0,6188.0,0.0,/home/ubuntu/xylanase/xylanase/models/swiss_model/outputs/A0A5P6VU75_swissmodel.pdb,,,,A,,,
A0A6B9D8N2,Aspergillus sulphureus,fungal,GH11,50,5.0,-0.4689814814814814,4.938819694519042,19.012083333333322,0.1388888888888889,23202.8328,13337.0,195.0,0.0,/home/ubuntu/xylanase/xylanase/models/swiss_model/outputs/A0A6B9D8N2_swissmodel.pdb,,,,A,,,
A0A7G1PUW3,Pestalotiopsis sp. AN 7,fungal,GH10,,,-0.09329268292682928,6.519170951843263,23.960365853658534,0.08536585365853659,35274.3069,21371.0,837.0,0.0,/home/ubuntu/xylanase/xylanase/models/swiss_model/outputs/A0A7G1PUW3_swissmodel.pdb,,,,A,,,
A0A7M3UE38,Cladosporium tianshanense,fungal,GH10,,,-0.3707386363636364,8.65012607574463,36.88957386363636,0.10795454545454546,39177.0599,25148.0,2132.0,0.0,/home/ubuntu/xylanase/xylanase/models/swiss_model/outputs/A0A7M3UE38_swissmodel.pdb,,,,A,,,
A0A8D5NM93,Streptomyces thermogriseus,bacterial,GH10,,,-0.3549266247379455,7.022480201721192,26.95052410901468,0.08385744234800839,51194.3325,61606.0,6888.0,0.0,/home/ubuntu/xylanase/xylanase/models/swiss_model/outputs/A0A8D5NM93_swissmodel.pdb,,,,A,,,
A0A8D5NPL2,Streptomyces thermogriseus,bacterial,GH11,,,-0.3894259818731118,9.199396705627445,23.653504531722067,0.12084592145015105,35420.4376,22225.0,360.0,0.0,/home/ubuntu/xylanase/xylanase/models/swiss_model/outputs/A0A8D5NPL2_swissmodel.pdb,,,,A,,,
A0A8E4VW23,Aspergillus sulphureus,fungal,GH10,50,5.0,-0.26534653465346536,6.166598701477049,28.53269801980198,0.099009900990099,43708.3996,22551.0,1054.0,0.0,/home/ubuntu/xylanase/xylanase/models/swiss_model/outputs/A0A8E4VW23_swissmodel.pdb,,,,A,,,
A0A8H8R2B4,Lachnellula hyalina,fungal,GH11,,,-0.16681614349775786,4.984575080871582,18.681210762331837,0.13004484304932734,23398.1329,14876.0,168.0,0.0,/home/ubuntu/xylanase/xylanase/models/swiss_model/outputs/A0A8H8R2B4_swissmodel.pdb,,,,A,,,
A0A8H8S0Y0,Lachnellula occidentalis,fungal,GH11,,,-0.2085201793721973,4.954620933532714,19.52022421524663,0.13004484304932734,23370.0829,14828.0,168.0,0.0,/home/ubuntu/xylanase/xylanase/models/swiss_model/outputs/A0A8H8S0Y0_swissmodel.pdb,,,,A,,,
A0A8T9BDL5,Lachnellula arida,fungal,GH11,,,-0.22556053811659196,4.74272518157959,16.88340807174887,0.13004484304932734,23480.1674,14913.0,221.0,0.0,/home/ubuntu/xylanase/xylanase/models/swiss_model/outputs/A0A8T9BDL5_swissmodel.pdb,,,,A,,,
A0A8T9CAR3,Lachnellula suecica,fungal,GH11,,,-0.21385542168674695,8.546783256530762,34.0072891566265,0.12650602409638553,18070.026,11233.0,165.0,0.0,/home/ubuntu/xylanase/xylanase/models/swiss_model/outputs/A0A8T9CAR3_swissmodel.pdb,,,,A,,,
A0A9P5GH10,Penicillium crustosum (Blue mold fungus),fungal,GH10,,,-0.27611111111111114,5.152989006042478,38.315333333333314,0.12777777777777774,40406.9492,26045.0,1596.0,0.0,/home/ubuntu/xylanase/xylanase/models/swiss_model/outputs/A0A9P5GH10_swissmodel.pdb,,,,A,,,
A0AAV9NYM1,Saxophila tyrrhenica,fungal,GH11,,,-0.2322695035460993,4.3337686538696305,30.72163120567375,0.11702127659574467,29128.178400000004,13074.0,231.0,0.0,/home/ubuntu/xylanase/xylanase/models/swiss_model/outputs/A0AAV9NYM1_swissmodel.pdb,,,,A,,,
A0AAW8VCD8,Bacteroides cellulosilyticus,bacterial,GH10,,,-0.5043296089385475,6.614262580871582,32.8848184357542,0.1187150837988827,81122.8094,51675.0,9434.0,0.0,/home/ubuntu/xylanase/xylanase/models/swiss_model/outputs/A0AAW8VCD8_swissmodel.pdb,,,,A,,,
A0ABM8UZ22,Thermobacillus xylanilyticus,bacterial,GH10,,,-0.3346675712347354,4.622056007385253,30.35902985074645,0.08751696065128901,160427.40709999998,37260.0,4636.0,0.0,/home/ubuntu/xylanase/xylanase/models/swiss_model/outputs/A0ABM8UZ22_swissmodel.pdb,,,,A,,,
A0ABM8V1H3,Thermobacillus xylanilyticus,bacterial,GH11,,,-0.4228571428571428,9.097149848937988,11.593333333333335,0.18571428571428567,23571.7195,15135.0,144.0,0.0,/home/ubuntu/xylanase/xylanase/models/swiss_model/outputs/A0ABM8V1H3_swissmodel.pdb,,,,A,,,
A0ABN7RUD1,Thermobacillus xylanilyticus,bacterial,GH11,,,-0.24190476190476196,7.986101722717287,25.01095238095237,0.14285714285714285,23348.833,14742.0,300.0,0.0,/home/ubuntu/xylanase/xylanase/models/swiss_model/outputs/A0ABN7RUD1_swissmodel.pdb,,,,A,,,
A0ABN7S7D7,Thermobacillus xylanilyticus,bacterial,GH10,,,-0.36943820224719104,4.600741386413574,38.24494382022473,0.07865168539325842,49048.3566,31143.0,4212.0,0.0,/home/ubuntu/xylanase/xylanase/models/swiss_model/outputs/A0ABN7S7D7_swissmodel.pdb,,,,A,,,
A0ABN7S882,Thermobacillus xylanilyticus,bacterial,GH10,,,-0.4962703962703962,4.725787162780762,36.19370629370631,0.08158508158508157,47939.9598,30221.0,4256.0,0.0,/home/ubuntu/xylanase/xylanase/models/swiss_model/outputs/A0ABN7S882_swissmodel.pdb,,,,A,,,
A0ABN7S928,Thermobacillus xylanilyticus,bacterial,GH10,,,-0.4988023952095808,5.541824531555173,37.603922155688615,0.11976047904191615,38540.9679,24504.0,2703.0,0.0,/home/ubuntu/xylanase/xylanase/models/swiss_model/outputs/A0ABN7S928_swissmodel.pdb,,,,A,,,
A5H0S3,Bacillus licheniformis,bacterial,GH11,50,6.0,-0.4577464788732394,9.696641349792484,24.4262910798122,0.1596244131455399,23401.5914,12993.0,144.0,0.0,/home/ubuntu/xylanase/xylanase/models/swiss_model/outputs/A5H0S3_swissmodel.pdb,,,,A,,,
A7TVD4,Streptomyces fradiae (Streptomyces roseoflavus),bacterial,GH10,60,7.8,-0.3389121338912134,8.270665168762209,33.05523012552302,0.08786610878661087,51143.3806,61880.0,7176.0,0.0,/home/ubuntu/xylanase/xylanase/models/swiss_model/outputs/A7TVD4_swissmodel.pdb,,,,A,,,
B1A3N2,Paenibacillus curdlanolyticus,bacterial,GH10,,7.0,-0.3906739811912226,4.743464088439941,22.06999216300951,0.09090909090909093,138238.1047,87698.0,21840.0,0.0,/home/ubuntu/xylanase/xylanase/models/swiss_model/outputs/B1A3N2_swissmodel.pdb,,,,A,,,
B3PC74,Cellvibrio japonicus (strain Ueda107) (Pseudomonas fluorescens subsp. cellulosa),bacterial,GH10,,,-0.4031746031746032,6.9348344802856445,33.28280423280423,0.09523809523809523,43262.0309,27737.0,3038.0,0.0,/home/ubuntu/xylanase/xylanase/models/swiss_model/outputs/B3PC74_swissmodel.pdb,,,,A,,,
B3PDA8,Cellvibrio japonicus (strain Ueda107) (Pseudomonas fluorescens subsp. cellulosa),bacterial,GH10,,,-0.17607260726072607,4.692706871032715,39.13466996699679,0.07755775577557755,64883.2702,36067.0,3234.0,0.0,/home/ubuntu/xylanase/xylanase/models/swiss_model/outputs/B3PDA8_swissmodel.pdb,,,,A,,,
B3PIN0,Cellvibrio japonicus (strain Ueda107) (Pseudomonas fluorescens subsp. cellulosa),bacterial,GH11,,,-0.4843137254901961,8.669659996032717,32.80117647058824,0.1176470588235294,37897.5262,23968.0,450.0,0.0,/home/ubuntu/xylanase/xylanase/models/swiss_model/outputs/B3PIN0_swissmodel.pdb,,,,A,,,
B5SYI8,Bacillus licheniformis,bacterial,GH11,50,6.0,-0.4666666666666667,9.696641349792484,24.4262910798122,0.1596244131455399,23432.6054,13007.0,144.0,0.0,/home/ubuntu/xylanase/xylanase/models/swiss_model/outputs/B5SYI8_swissmodel.pdb,,,,A,,,
B9VSZ3,Demequina sp. JK4,bacterial,GH10,55,5.5,-0.35371549893842885,8.88066501617432,29.942675159235648,0.07643312101910828,49421.8835,21985.0,986.0,0.0,/home/ubuntu/xylanase/xylanase/models/swiss_model/outputs/B9VSZ3_swissmodel.pdb,,,,A,,,
D2KPJ0,Bacillus sp. JB99,bacterial,GH11,,,-0.3961904761904762,9.184697914123538,23.032857142857136,0.1523809523809524,23312.4401,13129.0,150.0,0.0,/home/ubuntu/xylanase/xylanase/models/swiss_model/outputs/D2KPJ0_swissmodel.pdb,,,,A,,,
D3GKE3,Paenibacillus curdlanolyticus,bacterial,GH11,,6.0,-0.5212987012987014,6.438686943054199,22.806779220779227,0.11168831168831167,41425.9429,23558.0,600.0,0.0,/home/ubuntu/xylanase/xylanase/models/swiss_model/outputs/D3GKE3_swissmodel.pdb,,,,A,,,
D6CGY9,Bacteroides xylanisolvens,bacterial,GH10,,,-0.44100529100529096,7.720121955871582,29.473571428571415,0.09523809523809523,43149.9527,27483.0,3224.0,0.0,/home/ubuntu/xylanase/xylanase/models/swiss_model/outputs/D6CGY9_swissmodel.pdb,,,,A,,,
E0RXQ0,Butyrivibrio proteoclasticus (strain ATCC 51982 / DSM 14932 / B316) (Clostridium proteoclasticum),bacterial,GH10,,,-0.4587557603686636,4.549472618103027,28.64103686635945,0.11059907834101383,48532.6259,30877.0,2948.0,0.0,/home/ubuntu/xylanase/xylanase/models/swiss_model/outputs/E0RXQ0_swissmodel.pdb,,,,A,,,
E0RYH1,Butyrivibrio proteoclasticus (strain ATCC 51982 / DSM 14932 / B316) (Clostridium proteoclasticum),bacterial,GH10,,,-0.7090336134453782,4.677871894836424,45.09771008403364,0.10714285714285716,53629.4024,34271.0,4104.0,0.0,/home/ubuntu/xylanase/xylanase/models/swiss_model/outputs/E0RYH1_swissmodel.pdb,,,,A,,,
E0S1S5,Butyrivibrio proteoclasticus (strain ATCC 51982 / DSM 14932 / B316) (Clostridium proteoclasticum),bacterial,GH10,,,-0.4669678714859438,5.490044212341308,25.62585341365464,0.12248995983935745,109454.9694,69469.0,7743.0,0.0,/home/ubuntu/xylanase/xylanase/models/swiss_model/outputs/E0S1S5_swissmodel.pdb,,,,A,,,
E0S1Z8,Butyrivibrio proteoclasticus (strain ATCC 51982 / DSM 14932 / B316) (Clostridium proteoclasticum),bacterial,GH10,,,-0.4345375722543353,5.187603950500487,37.76361271676307,0.1329479768786127,79690.1152,50731.0,8811.0,0.0,/home/ubuntu/xylanase/xylanase/models/swiss_model/outputs/E0S1Z8_swissmodel.pdb,,,,A,,,
E0S2F5,Butyrivibrio proteoclasticus (strain ATCC 51982 / DSM 14932 / B316) (Clostridium proteoclasticum),bacterial,GH10,,,-0.4490673154906732,4.554701805114747,27.760356853203763,0.10867802108678022,136886.414,85718.0,29820.0,0.0,/home/ubuntu/xylanase/xylanase/models/swiss_model/outputs/E0S2F5_swissmodel.pdb,,,,A,,,
E3WF08,Paenibacillus curdlanolyticus,bacterial,GH10,,7.5,-0.4911174785100287,5.5188615798950185,43.62151862464185,0.11174785100286533,40472.9089,25051.0,2862.0,0.0,/home/ubuntu/xylanase/xylanase/models/swiss_model/outputs/E3WF08_swissmodel.pdb,,,,A,,,
E9NSU0,Aspergillus usamii (Aspergillus shirousami),fungal,GH10,,,-0.14036697247706426,6.169554328918457,31.042232415902127,0.09174311926605504,35485.7492,21325.0,1020.0,0.0,/home/ubuntu/xylanase/xylanase/models/swiss_model/outputs/E9NSU0_swissmodel.pdb,,,,A,,,
E9S8N5,Ruminococcus albus 8,bacterial,GH11,,,-0.5714814814814815,5.338568305969238,23.458759259259253,0.12407407407407407,59500.7861,37543.0,2448.0,0.0,/home/ubuntu/xylanase/xylanase/models/swiss_model/outputs/E9S8N5_swissmodel.pdb,,,,A,,,
E9SA77,Ruminococcus albus 8,bacterial,GH11,,,-0.48225806451612896,4.4904169082641605,29.40970674486802,0.09824046920821114,74813.9871,47039.0,7952.0,0.0,/home/ubuntu/xylanase/xylanase/models/swiss_model/outputs/E9SA77_swissmodel.pdb,,,,A,,,
E9SDY0,Ruminococcus albus 8,bacterial,GH10,,,-0.4804819277108434,5.159866523742674,23.291337349397587,0.11807228915662647,91331.0101,57783.0,7812.0,0.0,/home/ubuntu/xylanase/xylanase/models/swiss_model/outputs/E9SDY0_swissmodel.pdb,,,,A,,,
F0BDW7,Xanthomonas vesicatoria ATCC 35937,bacterial,GH10,,,-0.3724242424242424,5.767645835876464,40.143333333333345,0.10909090909090907,36877.1165,23812.0,1295.0,0.0,/home/ubuntu/xylanase/xylanase/models/swiss_model/outputs/F0BDW7_swissmodel.pdb,,,,A,,,
F2Z9G6,Paenibacillus curdlanolyticus,bacterial,GH10,,6.0,-0.26499133448873485,5.62435474395752,20.04402079722703,0.10918544194107453,61811.4192,38616.0,1443.0,0.0,/home/ubuntu/xylanase/xylanase/models/swiss_model/outputs/F2Z9G6_swissmodel.pdb,,,,A,,,
F6LP79,Ruminococcus albus 8,bacterial,GH10,,,-0.4856763925729442,4.557032203674316,35.472758620689675,0.13262599469496025,43214.0721,24898.0,2480.0,0.0,/home/ubuntu/xylanase/xylanase/models/swiss_model/outputs/F6LP79_swissmodel.pdb,,,,A,,,
F6LP81,Ruminococcus albus 8,bacterial,GH10,,,-0.5351387054161163,6.67979793548584,20.91665785997359,0.1083223249669749,82425.3044,14898.0,550.0,0.0,/home/ubuntu/xylanase/xylanase/models/swiss_model/outputs/F6LP81_swissmodel.pdb,,,,A,,,
G0YP25,Aspergillus usamii (Aspergillus shirousami),fungal,GH11,,,-0.38,5.013392448425292,22.236044444444428,0.13333333333333333,24057.8449,13077.0,140.0,0.0,/home/ubuntu/xylanase/xylanase/models/swiss_model/outputs/G0YP25_swissmodel.pdb,,,,A,,,
G0YP27,Aspergillus usamii (Aspergillus shirousami),fungal,GH11,,,-0.30117187500000003,4.704188346862792,35.34027343750001,0.12890625,28020.577,17593.0,540.0,0.0,/home/ubuntu/xylanase/xylanase/models/swiss_model/outputs/G0YP27_swissmodel.pdb,,,,A,,,
G0YP28,Aspergillus usamii (Aspergillus shirousami),fungal,GH11,,,-0.3593073593073593,4.0500284194946286,25.19614718614717,0.12554112554112554,24845.4738,15336.0,352.0,0.0,/home/ubuntu/xylanase/xylanase/models/swiss_model/outputs/G0YP28_swissmodel.pdb,,,,A,,,
G1E731,Bacillus sp. JB 99,bacterial,GH10,,,-0.5810606060606059,4.7672227859497065,31.67979797979798,0.1186868686868687,45384.9123,26795.0,2816.0,0.0,/home/ubuntu/xylanase/xylanase/models/swiss_model/outputs/G1E731_swissmodel.pdb,,,,A,,,
G9BY19,Penicillium sp. enrichment culture clone C1,fungal,GH10,,,-0.3143258426966292,4.663548469543457,27.28376404494381,0.1207865168539326,39708.9689,25507.0,1645.0,0.0,/home/ubuntu/xylanase/xylanase/models/swiss_model/outputs/G9BY19_swissmodel.pdb,,,,A,,,
G9DBG3,Talaromyces pinophilus (Penicillium pinophilum),fungal,GH11,,,-0.2618025751072961,4.38753833770752,30.892274678111576,0.12875536480686695,25013.9369,12164.0,78.0,0.0,/home/ubuntu/xylanase/xylanase/models/swiss_model/outputs/G9DBG3_swissmodel.pdb,,,,A,,,
H6WWN7,Aspergillus oryzae (Yellow koji mold),fungal,GH11,,,-0.28836206896551725,5.709954261779786,22.688362068965503,0.14655172413793105,24578.3815,13056.0,84.0,0.0,/home/ubuntu/xylanase/xylanase/models/swiss_model/outputs/H6WWN7_swissmodel.pdb,,,,A,,,
I3NRT9,Thermobifida halotolerans,bacterial,GH11,,,-0.4898507462686567,9.336069679260257,29.821820895522386,0.11044776119402984,35528.484699999986,13143.0,192.0,0.0,/home/ubuntu/xylanase/xylanase/models/swiss_model/outputs/I3NRT9_swissmodel.pdb,,,,A,,,
I4DXK6,Paenibacillus curdlanolyticus,bacterial,GH10,,6.0,-0.19150943396226414,9.348512077331543,23.47924528301885,0.11320754716981132,35123.4044,22565.0,828.0,0.0,/home/ubuntu/xylanase/xylanase/models/swiss_model/outputs/I4DXK6_swissmodel.pdb,,,,A,,,
J7JXS8,Caldanaerobius polysaccharolyticus,bacterial,GH10,,,-0.3740027510316368,4.869646644592284,27.137771664374323,0.09353507565337,160052.7049,95387.0,22344.0,0.0,/home/ubuntu/xylanase/xylanase/models/swiss_model/outputs/J7JXS8_swissmodel.pdb,,,,A,,,
Q0PRN5,Ruminiclostridium cellulolyticum (strain ATCC 35319 / DSM 5812 / JCM 6584 / H10) (Clostridium cellulolyticum),bacterial,GH10,,,-0.25862884160756505,6.019158363342284,24.45791962174941,0.12529550827423167,47343.0788,30432.0,1848.0,0.0,/home/ubuntu/xylanase/xylanase/models/swiss_model/outputs/Q0PRN5_swissmodel.pdb,,,,A,,,
Q21GI8,Saccharophagus degradans (strain 2-40 / ATCC 43961 / DSM 17024),bacterial,GH10,,,-0.3126009693053312,5.148498725891112,50.28678513731843,0.09208400646203553,65021.7208,41538.0,1760.0,0.0,/home/ubuntu/xylanase/xylanase/models/swiss_model/outputs/Q21GI8_swissmodel.pdb,,,,A,,,
Q21HD6,Saccharophagus degradans (strain 2-40 / ATCC 43961 / DSM 17024),bacterial,GH10,,,-0.3481283422459894,8.74721546173096,36.21018716577539,0.1122994652406417,42380.8959,27149.0,2262.0,0.0,/home/ubuntu/xylanase/xylanase/models/swiss_model/outputs/Q21HD6_swissmodel.pdb,,,,A,,,
Q21MW6,Saccharophagus degradans (strain 2-40 / ATCC 43961 / DSM 17024),bacterial,GH11,,,-0.4818181818181818,6.302671241760254,32.384072727272724,0.13454545454545452,30393.1159,19032.0,728.0,0.0,/home/ubuntu/xylanase/xylanase/models/swiss_model/outputs/Q21MW6_swissmodel.pdb,,,,A,,,
Q21NZ2,Saccharophagus degradans (strain 2-40 / ATCC 43961 / DSM 17024),bacterial,GH10,,,-0.516268656716418,4.326663780212404,39.056283582089655,0.11343283582089553,75153.7582,48114.0,5665.0,0.0,/home/ubuntu/xylanase/xylanase/models/swiss_model/outputs/Q21NZ2_swissmodel.pdb,,,,A,,,
Q21PD4,Saccharophagus degradans (strain 2-40 / ATCC 43961 / DSM 17024),bacterial,GH10,,,-0.4172473867595819,4.900226020812987,41.716411149825845,0.1010452961672474,61729.3636,39372.0,2193.0,0.0,/home/ubuntu/xylanase/xylanase/models/swiss_model/outputs/Q21PD4_swissmodel.pdb,,,,A,,,
Q288H9,Flavobacterium sp. MSY2,bacterial,GH10,,,-0.4320754716981132,8.601387977600101,29.166064690026946,0.09973045822102423,42137.9126,24703.0,2520.0,0.0,/home/ubuntu/xylanase/xylanase/models/swiss_model/outputs/Q288H9_swissmodel.pdb,,,,A,,,
Q45UD8,Aspergillus usamii (Aspergillus shirousami),fungal,GH11,,,-0.15639810426540285,4.3100667953491225,23.06303317535543,0.15165876777251186,22638.2696,12989.0,84.0,0.0,/home/ubuntu/xylanase/xylanase/models/swiss_model/outputs/Q45UD8_swissmodel.pdb,,,,A,,,
Q546Y2,Halalkalibacterium halodurans (Bacillus halodurans),bacterial,GH10,,,-0.5752525252525252,4.660422325134278,32.685101010101,0.11616161616161615,45293.7157,26717.0,2838.0,0.0,/home/ubuntu/xylanase/xylanase/models/swiss_model/outputs/Q546Y2_swissmodel.pdb,,,,A,,,
Q5YB84,Neocallimastix frontalis (Rumen fungus),fungal,GH11,,,-0.5112026359143328,6.710263633728028,17.31879736408567,0.12520593080724876,66214.3455,15137.0,506.0,0.0,/home/ubuntu/xylanase/xylanase/models/swiss_model/outputs/Q5YB84_swissmodel.pdb,,,,A,,,
Q6GVM9,Ruminococcus albus,bacterial,GH11,,,-0.5588560885608855,5.338568305969238,23.40909594095941,0.1236162361623616,59745.1397,37549.0,2448.0,0.0,/home/ubuntu/xylanase/xylanase/models/swiss_model/outputs/Q6GVM9_swissmodel.pdb,,,,A,,,
Q6UN40,Thermochaetoides thermophila,fungal,GH11,,7.8,-0.4404494382022473,9.17457637786865,26.209775280898892,0.1198501872659176,28160.3819,13412.0,165.0,0.0,/home/ubuntu/xylanase/xylanase/models/swiss_model/outputs/Q6UN40_swissmodel.pdb,,,,A,,,
Q79MJ7,Halalkalibacterium halodurans (Bacillus halodurans),bacterial,GH11,,,-0.3961904761904762,9.184697914123538,23.032857142857136,0.1523809523809524,23312.4401,13129.0,150.0,0.0,/home/ubuntu/xylanase/xylanase/models/swiss_model/outputs/Q79MJ7_swissmodel.pdb,,,,A,,,
Q7RW51,Neurospora crassa (strain ATCC 24698 / 74-OR23-1A / CBS 708.71 / DSM 1257 / FGSC 987),fungal,GH10,,,-0.2099767981438515,7.982169151306152,36.32273781902552,0.0974477958236659,45898.9625,22436.0,899.0,0.0,/home/ubuntu/xylanase/xylanase/models/swiss_model/outputs/Q7RW51_swissmodel.pdb,,,,A,,,
Q7S0Y0,Neurospora crassa (strain ATCC 24698 / 74-OR23-1A / CBS 708.71 / DSM 1257 / FGSC 987),fungal,GH10,,,-0.2711246200607903,8.28639545440674,32.65413373860181,0.0851063829787234,35793.0438,21450.0,800.0,0.0,/home/ubuntu/xylanase/xylanase/models/swiss_model/outputs/Q7S0Y0_swissmodel.pdb,,,,A,,,
Q7S3P8,Neurospora crassa (strain ATCC 24698 / 74-OR23-1A / CBS 708.71 / DSM 1257 / FGSC 987),fungal,GH10,,,-0.35546875,6.073780632019043,31.429713541666665,0.10677083333333334,42325.0883,23769.0,1720.0,0.0,/home/ubuntu/xylanase/xylanase/models/swiss_model/outputs/Q7S3P8_swissmodel.pdb,,,,A,,,
Q7S6C2,Neurospora crassa (strain ATCC 24698 / 74-OR23-1A / CBS 708.71 / DSM 1257 / FGSC 987),fungal,GH10,,,-0.1550561797752809,8.106464195251466,39.45865168539326,0.101123595505618,48886.3726,23993.0,1440.0,0.0,/home/ubuntu/xylanase/xylanase/models/swiss_model/outputs/Q7S6C2_swissmodel.pdb,,,,A,,,
Q7SDQ1,Neurospora crassa (strain ATCC 24698 / 74-OR23-1A / CBS 708.71 / DSM 1257 / FGSC 987),fungal,GH11,,,-0.500909090909091,9.197462654113773,19.015499999999992,0.15,23847.7103,13405.0,112.0,0.0,/home/ubuntu/xylanase/xylanase/models/swiss_model/outputs/Q7SDQ1_swissmodel.pdb,,,,A,,,
Q7Z8B8,Neocallimastix frontalis (Rumen fungus),fungal,GH11,,,-0.56973293768546,6.818939781188964,18.329703264094952,0.11869436201780414,36742.0792,22838.0,1152.0,0.0,/home/ubuntu/xylanase/xylanase/models/swiss_model/outputs/Q7Z8B8_swissmodel.pdb,,,,A,,,
Q8GMV6,Thermopolyspora flexuosa,bacterial,GH10,,7.0,-0.5042682926829268,6.602951622009277,36.30081300813008,0.0975609756097561,53597.499,34040.0,2064.0,0.0,/home/ubuntu/xylanase/xylanase/models/swiss_model/outputs/Q8GMV6_swissmodel.pdb,,,,A,,,
Q8J1V4,Thermochaetoides thermophila,fungal,GH11,,,-0.4723214285714286,8.488245964050293,32.44017857142857,0.13392857142857142,24607.0281,15500.0,374.0,0.0,/home/ubuntu/xylanase/xylanase/models/swiss_model/outputs/Q8J1V4_swissmodel.pdb,,,,A,,,
Q8J1V5,Thermochaetoides thermophila,fungal,GH11,,,-0.3817391304347826,9.160006523132324,16.788695652173907,0.14347826086956522,24669.7856,15461.0,220.0,0.0,/home/ubuntu/xylanase/xylanase/models/swiss_model/outputs/Q8J1V5_swissmodel.pdb,,,,A,,,
Q9HDL7,Cochliobolus heterostrophus (Southern corn leaf blight fungus) (Bipolaris maydis),fungal,GH11,,,-0.9140350877192984,9.558807945251463,34.03333333333333,0.14035087719298248,12779.7148,8047.0,72.0,0.0,/home/ubuntu/xylanase/xylanase/models/swiss_model/outputs/Q9HDL7_swissmodel.pdb,,,,A,,,
Q9HEN3,Curvularia spicifera,fungal,GH11,,,-0.8184210526315789,9.434448432922363,13.270175438596489,0.16666666666666669,12758.6831,8034.0,50.0,0.0,/home/ubuntu/xylanase/xylanase/models/swiss_model/outputs/Q9HEN3_swissmodel.pdb,,,,A,,,
Q9HEN4,Curvularia spicifera,fungal,GH11,,,-0.8736842105263157,9.69528751373291,28.489473684210523,0.14035087719298248,12778.7732,8075.0,78.0,0.0,/home/ubuntu/xylanase/xylanase/models/swiss_model/outputs/Q9HEN4_swissmodel.pdb,,,,A,,,
Q9HEN5,Cochliobolus sativus (Common root rot and spot blotch fungus) (Bipolaris sorokiniana),fungal,GH11,,,-0.7035087719298246,9.644164085388184,19.83070175438596,0.15789473684210528,12692.7111,8005.0,40.0,0.0,/home/ubuntu/xylanase/xylanase/models/swiss_model/outputs/Q9HEN5_swissmodel.pdb,,,,A,,,
Q9HEN6,Cochliobolus sativus (Common root rot and spot blotch fungus) (Bipolaris sorokiniana),fungal,GH11,,,-0.9482456140350876,9.69528751373291,34.86140350877192,0.14035087719298248,12820.77,8062.0,78.0,0.0,/home/ubuntu/xylanase/xylanase/models/swiss_model/outputs/Q9HEN6_swissmodel.pdb,,,,A,,,
Q9HEN7,Cochliobolus heterostrophus (Southern corn leaf blight fungus) (Bipolaris maydis),fungal,GH11,,,-0.7008771929824562,9.644164085388184,15.385964912280706,0.15789473684210528,12692.7111,7995.0,40.0,0.0,/home/ubuntu/xylanase/xylanase/models/swiss_model/outputs/Q9HEN7_swissmodel.pdb,,,,A,,,
Q9HEP2,Bipolaris sorghicola,fungal,GH11,,,-0.6552631578947369,9.694449424743652,15.878070175438598,0.14912280701754388,12614.6423,7949.0,40.0,0.0,/home/ubuntu/xylanase/xylanase/models/swiss_model/outputs/Q9HEP2_swissmodel.pdb,,,,A,,,
Q9HEP3,Bipolaris sorghicola,fungal,GH11,,,-0.9140350877192984,9.558807945251463,34.03333333333333,0.14035087719298248,12779.7148,8047.0,72.0,0.0,/home/ubuntu/xylanase/xylanase/models/swiss_model/outputs/Q9HEP3_swissmodel.pdb,,,,A,,,
Q9RQB7,Xylanimonas pachnodae,bacterial,GH10,,,-0.11868131868131868,4.2100301742553725,24.00845308537633,0.0879120879120879,124135.7024,78754.0,12160.0,0.0,/home/ubuntu/xylanase/xylanase/models/swiss_model/outputs/Q9RQB7_swissmodel.pdb,,,,A,,,
Q9RQB8,Xylanimonas pachnodae,bacterial,GH11,,,-0.2928358208955224,9.183988761901855,24.382716417910448,0.1044776119402985,34382.9954,21623.0,299.0,0.0,/home/ubuntu/xylanase/xylanase/models/swiss_model/outputs/Q9RQB8_swissmodel.pdb,,,,A,,,
S4S3F1,Phialophora sp. P13,fungal,GH11,,,-0.3072649572649573,4.2890932083129885,31.666709401709408,0.11111111111111112,25508.676,12217.0,144.0,0.0,/home/ubuntu/xylanase/xylanase/models/swiss_model/outputs/S4S3F1_swissmodel.pdb,,,,A,,,
U5HTS3,Ophiostoma piliferum (Ceratocystis pilifera),fungal,GH11,,,-0.26944444444444443,5.845913124084471,30.6560648148148,0.14351851851851852,23057.7825,14538.0,132.0,0.0,/home/ubuntu/xylanase/xylanase/models/swiss_model/outputs/U5HTS3_swissmodel.pdb,,,,A,,,
U5HU68,Coprinopsis cinerea (Inky cap fungus) (Hormographiella aspergillata),fungal,GH11,,,-0.4882608695652174,8.76894130706787,23.13526086956521,0.14782608695652175,25171.2726,15890.0,216.0,0.0,/home/ubuntu/xylanase/xylanase/models/swiss_model/outputs/U5HU68_swissmodel.pdb,,,,A,,,
V5R355,Aspergillus fumigatus (Neosartorya fumigata),fungal,GH11,,,-0.5328042328042328,9.007538795471193,20.36560846560846,0.1693121693121693,20323.6879,13062.0,84.0,0.0,/home/ubuntu/xylanase/xylanase/models/swiss_model/outputs/V5R355_swissmodel.pdb,,,,A,,,
V9NCQ7,Bacillus sp. SN5,bacterial,GH11,,,-0.4909836065573771,4.683839988708496,26.599781420765048,0.12568306010928962,40368.5408,23686.0,1107.0,0.0,/home/ubuntu/xylanase/xylanase/models/swiss_model/outputs/V9NCQ7_swissmodel.pdb,,,,A,,,
W5VXL4,Neurospora sitophila (Chrysonilia sitophila),fungal,GH11,,,-0.3901595744680851,9.184955787658689,31.72505319148935,0.13031914893617022,40765.832,24341.0,465.0,0.0,/home/ubuntu/xylanase/xylanase/models/swiss_model/outputs/W5VXL4_swissmodel.pdb,,,,A,,,
A0A0K8J318,Herbinix luporum,bacterial,GH11,,,-0.2759090909090909,4.488711738586424,26.81545454545455,0.07727272727272727,24640.6665,15667.0,975.0,0.0,/home/ubuntu/xylanase/xylanase/models/swiss_model/outputs/A0A0K8J318_swissmodel.pdb,,,,A,,,
A0A6M5Z4H3,Frigoriglobus tundricola,bacterial,GH10,,,0.02549800796812747,4.760743141174316,38.40139442231076,0.08366533864541832,54463.3202,34843.0,3136.0,0.0,/home/ubuntu/xylanase/xylanase/models/swiss_model/outputs/A0A6M5Z4H3_swissmodel.pdb,,,,A,,,
A0A7U4XSS7,Clostridium sporogenes,bacterial,GH11,,,-0.4133333333333333,9.097536659240726,28.708148148148144,0.1074074074074074,30969.4349,19850.0,1680.0,0.0,/home/ubuntu/xylanase/xylanase/models/swiss_model/outputs/A0A7U4XSS7_swissmodel.pdb,,,,A,,,
F0BDW4,Xanthomonas vesicatoria ATCC 35937,bacterial,GH10,,,0.13363636363636364,10.081775474548337,50.34272727272728,0.054545454545454536,11446.1424,6906.0,90.0,0.0,/home/ubuntu/xylanase/xylanase/models/swiss_model/outputs/F0BDW4_swissmodel.pdb,,,,A,,,
K9TUC6,Chroococcidiopsis thermalis (strain PCC 7203),bacterial,GH10,,,0.3085106382978723,5.820676612854004,87.96170212765956,0.06382978723404255,4364.9067,2732.0,4.0,0.0,/home/ubuntu/xylanase/xylanase/models/swiss_model/outputs/K9TUC6_swissmodel.pdb,,,,A,,,
