uniprot_accession,model_path,chain,mutation,position,alignment_position,consensus_fraction,consensus_count,non_gap_count,rank_within_protein
A0A286N5W6,/home/ubuntu/xylanase/xylanase/models/swiss_model/outputs/A0A286N5W6_swissmodel.pdb,A,R81S,81,81,1.0,3,3,1
A0A286N5W6,/home/ubuntu/xylanase/xylanase/models/swiss_model/outputs/A0A286N5W6_swissmodel.pdb,A,Q82V,82,82,1.0,3,3,2
A0A286N5W6,/home/ubuntu/xylanase/xylanase/models/swiss_model/outputs/A0A286N5W6_swissmodel.pdb,A,D86N,86,86,1.0,3,3,3
A0A286N5W6,/home/ubuntu/xylanase/xylanase/models/swiss_model/outputs/A0A286N5W6_swissmodel.pdb,A,T102F,102,102,1.0,3,3,4
A0A286N5W6,/home/ubuntu/xylanase/xylanase/models/swiss_model/outputs/A0A286N5W6_swissmodel.pdb,A,V105G,105,105,1.0,3,3,5
A0A3Q8TLG0,/home/ubuntu/xylanase/xylanase/models/swiss_model/outputs/A0A3Q8TLG0_swissmodel.pdb,A,P35A,35,35,1.0,3,3,1
A0A3Q8TLG0,/home/ubuntu/xylanase/xylanase/models/swiss_model/outputs/A0A3Q8TLG0_swissmodel.pdb,A,Y81S,81,81,1.0,3,3,2
A0A3Q8TLG0,/home/ubuntu/xylanase/xylanase/models/swiss_model/outputs/A0A3Q8TLG0_swissmodel.pdb,A,R82V,82,82,1.0,3,3,3
A0A3Q8TLG0,/home/ubuntu/xylanase/xylanase/models/swiss_model/outputs/A0A3Q8TLG0_swissmodel.pdb,A,A86N,86,86,1.0,3,3,4
A0A3Q8TLG0,/home/ubuntu/xylanase/xylanase/models/swiss_model/outputs/A0A3Q8TLG0_swissmodel.pdb,A,Y102F,102,102,1.0,3,3,5
A0A5P6VQ80,/home/ubuntu/xylanase/xylanase/models/swiss_model/outputs/A0A5P6VQ80_swissmodel.pdb,A,E35A,35,35,1.0,3,3,1
A0A5P6VQ80,/home/ubuntu/xylanase/xylanase/models/swiss_model/outputs/A0A5P6VQ80_swissmodel.pdb,A,L64G,64,64,1.0,3,3,2
A0A5P6VQ80,/home/ubuntu/xylanase/xylanase/models/swiss_model/outputs/A0A5P6VQ80_swissmodel.pdb,A,K81S,81,81,1.0,3,3,3
A0A5P6VQ80,/home/ubuntu/xylanase/xylanase/models/swiss_model/outputs/A0A5P6VQ80_swissmodel.pdb,A,P82V,82,82,1.0,3,3,4
A0A5P6VQ80,/home/ubuntu/xylanase/xylanase/models/swiss_model/outputs/A0A5P6VQ80_swissmodel.pdb,A,L86N,86,86,1.0,3,3,5
A0A5P6VU75,/home/ubuntu/xylanase/xylanase/models/swiss_model/outputs/A0A5P6VU75_swissmodel.pdb,A,D150N,150,150,1.0,3,3,1
A0A5P6VU75,/home/ubuntu/xylanase/xylanase/models/swiss_model/outputs/A0A5P6VU75_swissmodel.pdb,A,W157G,157,157,1.0,3,3,2
A0A5P6VU75,/home/ubuntu/xylanase/xylanase/models/swiss_model/outputs/A0A5P6VU75_swissmodel.pdb,A,Q205D,205,205,1.0,3,3,3
A0A5P6VU75,/home/ubuntu/xylanase/xylanase/models/swiss_model/outputs/A0A5P6VU75_swissmodel.pdb,A,R212Y,212,212,1.0,3,3,4
A0A5P6VU75,/home/ubuntu/xylanase/xylanase/models/swiss_model/outputs/A0A5P6VU75_swissmodel.pdb,A,G215Y,215,215,1.0,3,3,5
A0A8D5NM93,/home/ubuntu/xylanase/xylanase/models/swiss_model/outputs/A0A8D5NM93_swissmodel.pdb,A,A132G,132,132,1.0,3,3,1
A0A8D5NM93,/home/ubuntu/xylanase/xylanase/models/swiss_model/outputs/A0A8D5NM93_swissmodel.pdb,A,I150N,150,150,1.0,3,3,2
A0A8D5NM93,/home/ubuntu/xylanase/xylanase/models/swiss_model/outputs/A0A8D5NM93_swissmodel.pdb,A,Y157G,157,157,1.0,3,3,3
A0A8D5NM93,/home/ubuntu/xylanase/xylanase/models/swiss_model/outputs/A0A8D5NM93_swissmodel.pdb,A,S205D,205,205,1.0,3,3,4
A0A8D5NM93,/home/ubuntu/xylanase/xylanase/models/swiss_model/outputs/A0A8D5NM93_swissmodel.pdb,A,D212Y,212,212,1.0,3,3,5
A0AAW8VCD8,/home/ubuntu/xylanase/xylanase/models/swiss_model/outputs/A0AAW8VCD8_swissmodel.pdb,A,K35A,35,35,1.0,3,3,1
A0AAW8VCD8,/home/ubuntu/xylanase/xylanase/models/swiss_model/outputs/A0AAW8VCD8_swissmodel.pdb,A,S64G,64,64,1.0,3,3,2
A0AAW8VCD8,/home/ubuntu/xylanase/xylanase/models/swiss_model/outputs/A0AAW8VCD8_swissmodel.pdb,A,G81S,81,81,1.0,3,3,3
A0AAW8VCD8,/home/ubuntu/xylanase/xylanase/models/swiss_model/outputs/A0AAW8VCD8_swissmodel.pdb,A,Q82V,82,82,1.0,3,3,4
A0AAW8VCD8,/home/ubuntu/xylanase/xylanase/models/swiss_model/outputs/A0AAW8VCD8_swissmodel.pdb,A,E86N,86,86,1.0,3,3,5
A0ABM8UZ22,/home/ubuntu/xylanase/xylanase/models/swiss_model/outputs/A0ABM8UZ22_swissmodel.pdb,A,D361G,361,361,1.0,1,1,1
A0ABM8UZ22,/home/ubuntu/xylanase/xylanase/models/swiss_model/outputs/A0ABM8UZ22_swissmodel.pdb,A,K362T,362,362,1.0,1,1,2
A0ABM8UZ22,/home/ubuntu/xylanase/xylanase/models/swiss_model/outputs/A0ABM8UZ22_swissmodel.pdb,A,S363G,363,363,1.0,1,1,3
A0ABM8UZ22,/home/ubuntu/xylanase/xylanase/models/swiss_model/outputs/A0ABM8UZ22_swissmodel.pdb,A,G364P,364,364,1.0,1,1,4
A0ABM8UZ22,/home/ubuntu/xylanase/xylanase/models/swiss_model/outputs/A0ABM8UZ22_swissmodel.pdb,A,I365V,365,365,1.0,1,1,5
A0ABN7S7D7,/home/ubuntu/xylanase/xylanase/models/swiss_model/outputs/A0ABN7S7D7_swissmodel.pdb,A,G35A,35,35,1.0,3,3,1
A0ABN7S7D7,/home/ubuntu/xylanase/xylanase/models/swiss_model/outputs/A0ABN7S7D7_swissmodel.pdb,A,A64G,64,64,1.0,3,3,2
A0ABN7S7D7,/home/ubuntu/xylanase/xylanase/models/swiss_model/outputs/A0ABN7S7D7_swissmodel.pdb,A,A81S,81,81,1.0,3,3,3
A0ABN7S7D7,/home/ubuntu/xylanase/xylanase/models/swiss_model/outputs/A0ABN7S7D7_swissmodel.pdb,A,E82V,82,82,1.0,3,3,4
A0ABN7S7D7,/home/ubuntu/xylanase/xylanase/models/swiss_model/outputs/A0ABN7S7D7_swissmodel.pdb,A,A86N,86,86,1.0,3,3,5
A0ABN7S882,/home/ubuntu/xylanase/xylanase/models/swiss_model/outputs/A0ABN7S882_swissmodel.pdb,A,E35A,35,35,1.0,3,3,1
A0ABN7S882,/home/ubuntu/xylanase/xylanase/models/swiss_model/outputs/A0ABN7S882_swissmodel.pdb,A,D64G,64,64,1.0,3,3,2
A0ABN7S882,/home/ubuntu/xylanase/xylanase/models/swiss_model/outputs/A0ABN7S882_swissmodel.pdb,A,P81S,81,81,1.0,3,3,3
A0ABN7S882,/home/ubuntu/xylanase/xylanase/models/swiss_model/outputs/A0ABN7S882_swissmodel.pdb,A,A82V,82,82,1.0,3,3,4
A0ABN7S882,/home/ubuntu/xylanase/xylanase/models/swiss_model/outputs/A0ABN7S882_swissmodel.pdb,A,D86N,86,86,1.0,3,3,5
A7TVD4,/home/ubuntu/xylanase/xylanase/models/swiss_model/outputs/A7TVD4_swissmodel.pdb,A,I150N,150,150,1.0,3,3,1
A7TVD4,/home/ubuntu/xylanase/xylanase/models/swiss_model/outputs/A7TVD4_swissmodel.pdb,A,Y157G,157,157,1.0,3,3,2
A7TVD4,/home/ubuntu/xylanase/xylanase/models/swiss_model/outputs/A7TVD4_swissmodel.pdb,A,S205D,205,205,1.0,3,3,3
A7TVD4,/home/ubuntu/xylanase/xylanase/models/swiss_model/outputs/A7TVD4_swissmodel.pdb,A,D212Y,212,212,1.0,3,3,4
A7TVD4,/home/ubuntu/xylanase/xylanase/models/swiss_model/outputs/A7TVD4_swissmodel.pdb,A,V215Y,215,215,1.0,3,3,5
B1A3N2,/home/ubuntu/xylanase/xylanase/models/swiss_model/outputs/B1A3N2_swissmodel.pdb,A,T35A,35,35,1.0,3,3,1
B1A3N2,/home/ubuntu/xylanase/xylanase/models/swiss_model/outputs/B1A3N2_swissmodel.pdb,A,T64G,64,64,1.0,3,3,2
B1A3N2,/home/ubuntu/xylanase/xylanase/models/swiss_model/outputs/B1A3N2_swissmodel.pdb,A,N81S,81,81,1.0,3,3,3
B1A3N2,/home/ubuntu/xylanase/xylanase/models/swiss_model/outputs/B1A3N2_swissmodel.pdb,A,N82V,82,82,1.0,3,3,4
B1A3N2,/home/ubuntu/xylanase/xylanase/models/swiss_model/outputs/B1A3N2_swissmodel.pdb,A,V86N,86,86,1.0,3,3,5
E0RYH1,/home/ubuntu/xylanase/xylanase/models/swiss_model/outputs/E0RYH1_swissmodel.pdb,A,S35A,35,35,1.0,3,3,1
E0RYH1,/home/ubuntu/xylanase/xylanase/models/swiss_model/outputs/E0RYH1_swissmodel.pdb,A,S64G,64,64,1.0,3,3,2
E0RYH1,/home/ubuntu/xylanase/xylanase/models/swiss_model/outputs/E0RYH1_swissmodel.pdb,A,A81S,81,81,1.0,3,3,3
E0RYH1,/home/ubuntu/xylanase/xylanase/models/swiss_model/outputs/E0RYH1_swissmodel.pdb,A,L82V,82,82,1.0,3,3,4
E0RYH1,/home/ubuntu/xylanase/xylanase/models/swiss_model/outputs/E0RYH1_swissmodel.pdb,A,V86N,86,86,1.0,3,3,5
E0S1S5,/home/ubuntu/xylanase/xylanase/models/swiss_model/outputs/E0S1S5_swissmodel.pdb,A,N64G,64,64,1.0,3,3,1
E0S1S5,/home/ubuntu/xylanase/xylanase/models/swiss_model/outputs/E0S1S5_swissmodel.pdb,A,E81S,81,81,1.0,3,3,2
E0S1S5,/home/ubuntu/xylanase/xylanase/models/swiss_model/outputs/E0S1S5_swissmodel.pdb,A,F82V,82,82,1.0,3,3,3
E0S1S5,/home/ubuntu/xylanase/xylanase/models/swiss_model/outputs/E0S1S5_swissmodel.pdb,A,Y86N,86,86,1.0,3,3,4
E0S1S5,/home/ubuntu/xylanase/xylanase/models/swiss_model/outputs/E0S1S5_swissmodel.pdb,A,K102F,102,102,1.0,3,3,5
E0S1Z8,/home/ubuntu/xylanase/xylanase/models/swiss_model/outputs/E0S1Z8_swissmodel.pdb,A,F35A,35,35,1.0,3,3,1
E0S1Z8,/home/ubuntu/xylanase/xylanase/models/swiss_model/outputs/E0S1Z8_swissmodel.pdb,A,L64G,64,64,1.0,3,3,2
E0S1Z8,/home/ubuntu/xylanase/xylanase/models/swiss_model/outputs/E0S1Z8_swissmodel.pdb,A,K81S,81,81,1.0,3,3,3
E0S1Z8,/home/ubuntu/xylanase/xylanase/models/swiss_model/outputs/E0S1Z8_swissmodel.pdb,A,D82V,82,82,1.0,3,3,4
E0S1Z8,/home/ubuntu/xylanase/xylanase/models/swiss_model/outputs/E0S1Z8_swissmodel.pdb,A,A86N,86,86,1.0,3,3,5
E0S2F5,/home/ubuntu/xylanase/xylanase/models/swiss_model/outputs/E0S2F5_swissmodel.pdb,A,E64G,64,64,1.0,3,3,1
E0S2F5,/home/ubuntu/xylanase/xylanase/models/swiss_model/outputs/E0S2F5_swissmodel.pdb,A,D81S,81,81,1.0,3,3,2
E0S2F5,/home/ubuntu/xylanase/xylanase/models/swiss_model/outputs/E0S2F5_swissmodel.pdb,A,E82V,82,82,1.0,3,3,3
E0S2F5,/home/ubuntu/xylanase/xylanase/models/swiss_model/outputs/E0S2F5_swissmodel.pdb,A,E86N,86,86,1.0,3,3,4
E0S2F5,/home/ubuntu/xylanase/xylanase/models/swiss_model/outputs/E0S2F5_swissmodel.pdb,A,E102F,102,102,1.0,3,3,5
E9SA77,/home/ubuntu/xylanase/xylanase/models/swiss_model/outputs/E9SA77_swissmodel.pdb,A,R35A,35,35,1.0,3,3,1
E9SA77,/home/ubuntu/xylanase/xylanase/models/swiss_model/outputs/E9SA77_swissmodel.pdb,A,N64G,64,64,1.0,3,3,2
E9SA77,/home/ubuntu/xylanase/xylanase/models/swiss_model/outputs/E9SA77_swissmodel.pdb,A,G81S,81,81,1.0,3,3,3
E9SA77,/home/ubuntu/xylanase/xylanase/models/swiss_model/outputs/E9SA77_swissmodel.pdb,A,D82V,82,82,1.0,3,3,4
E9SA77,/home/ubuntu/xylanase/xylanase/models/swiss_model/outputs/E9SA77_swissmodel.pdb,A,T86N,86,86,1.0,3,3,5
E9SDY0,/home/ubuntu/xylanase/xylanase/models/swiss_model/outputs/E9SDY0_swissmodel.pdb,A,Y35A,35,35,1.0,3,3,1
E9SDY0,/home/ubuntu/xylanase/xylanase/models/swiss_model/outputs/E9SDY0_swissmodel.pdb,A,A64G,64,64,1.0,3,3,2
E9SDY0,/home/ubuntu/xylanase/xylanase/models/swiss_model/outputs/E9SDY0_swissmodel.pdb,A,A81S,81,81,1.0,3,3,3
E9SDY0,/home/ubuntu/xylanase/xylanase/models/swiss_model/outputs/E9SDY0_swissmodel.pdb,A,S82V,82,82,1.0,3,3,4
E9SDY0,/home/ubuntu/xylanase/xylanase/models/swiss_model/outputs/E9SDY0_swissmodel.pdb,A,L86N,86,86,1.0,3,3,5
J7JXS8,/home/ubuntu/xylanase/xylanase/models/swiss_model/outputs/J7JXS8_swissmodel.pdb,A,D35A,35,35,1.0,3,3,1
J7JXS8,/home/ubuntu/xylanase/xylanase/models/swiss_model/outputs/J7JXS8_swissmodel.pdb,A,P64G,64,64,1.0,3,3,2
J7JXS8,/home/ubuntu/xylanase/xylanase/models/swiss_model/outputs/J7JXS8_swissmodel.pdb,A,V81S,81,81,1.0,3,3,3
J7JXS8,/home/ubuntu/xylanase/xylanase/models/swiss_model/outputs/J7JXS8_swissmodel.pdb,A,T82V,82,82,1.0,3,3,4
J7JXS8,/home/ubuntu/xylanase/xylanase/models/swiss_model/outputs/J7JXS8_swissmodel.pdb,A,Q86N,86,86,1.0,3,3,5
Q21NZ2,/home/ubuntu/xylanase/xylanase/models/swiss_model/outputs/Q21NZ2_swissmodel.pdb,A,K35A,35,35,1.0,3,3,1
Q21NZ2,/home/ubuntu/xylanase/xylanase/models/swiss_model/outputs/Q21NZ2_swissmodel.pdb,A,E64G,64,64,1.0,3,3,2
Q21NZ2,/home/ubuntu/xylanase/xylanase/models/swiss_model/outputs/Q21NZ2_swissmodel.pdb,A,P81S,81,81,1.0,3,3,3
Q21NZ2,/home/ubuntu/xylanase/xylanase/models/swiss_model/outputs/Q21NZ2_swissmodel.pdb,A,E82V,82,82,1.0,3,3,4
Q21NZ2,/home/ubuntu/xylanase/xylanase/models/swiss_model/outputs/Q21NZ2_swissmodel.pdb,A,P86N,86,86,1.0,3,3,5
Q9RQB7,/home/ubuntu/xylanase/xylanase/models/swiss_model/outputs/Q9RQB7_swissmodel.pdb,A,G35A,35,35,1.0,3,3,1
Q9RQB7,/home/ubuntu/xylanase/xylanase/models/swiss_model/outputs/Q9RQB7_swissmodel.pdb,A,A64G,64,64,1.0,3,3,2
Q9RQB7,/home/ubuntu/xylanase/xylanase/models/swiss_model/outputs/Q9RQB7_swissmodel.pdb,A,P81S,81,81,1.0,3,3,3
Q9RQB7,/home/ubuntu/xylanase/xylanase/models/swiss_model/outputs/Q9RQB7_swissmodel.pdb,A,T82V,82,82,1.0,3,3,4
Q9RQB7,/home/ubuntu/xylanase/xylanase/models/swiss_model/outputs/Q9RQB7_swissmodel.pdb,A,V86N,86,86,1.0,3,3,5
