uniprot_accession,model_path,chain,mutation,position,rank_within_protein
A0A286N5W6,/home/ubuntu/xylanase/xylanase/models/swiss_model/outputs/A0A286N5W6_swissmodel.pdb,A,R4P,4,1
A0A286N5W6,/home/ubuntu/xylanase/xylanase/models/swiss_model/outputs/A0A286N5W6_swissmodel.pdb,A,L5T,5,2
A0A286N5W6,/home/ubuntu/xylanase/xylanase/models/swiss_model/outputs/A0A286N5W6_swissmodel.pdb,A,R6L,6,3
A0A286N5W6,/home/ubuntu/xylanase/xylanase/models/swiss_model/outputs/A0A286N5W6_swissmodel.pdb,A,Q7F,7,4
A0A286N5W6,/home/ubuntu/xylanase/xylanase/models/swiss_model/outputs/A0A286N5W6_swissmodel.pdb,A,A8P,8,5
A0A286N5W6,/home/ubuntu/xylanase/xylanase/models/swiss_model/outputs/A0A286N5W6_swissmodel.pdb,A,F9P,9,6
A0A286N5W6,/home/ubuntu/xylanase/xylanase/models/swiss_model/outputs/A0A286N5W6_swissmodel.pdb,A,S10A,10,7
A0A286N5W6,/home/ubuntu/xylanase/xylanase/models/swiss_model/outputs/A0A286N5W6_swissmodel.pdb,A,L11V,11,8
A0A286N5W6,/home/ubuntu/xylanase/xylanase/models/swiss_model/outputs/A0A286N5W6_swissmodel.pdb,A,V12R,12,9
A0A286N5W6,/home/ubuntu/xylanase/xylanase/models/swiss_model/outputs/A0A286N5W6_swissmodel.pdb,A,L13R,13,10
A0A3Q8TLG0,/home/ubuntu/xylanase/xylanase/models/swiss_model/outputs/A0A3Q8TLG0_swissmodel.pdb,A,V4P,4,1
A0A3Q8TLG0,/home/ubuntu/xylanase/xylanase/models/swiss_model/outputs/A0A3Q8TLG0_swissmodel.pdb,A,R5T,5,2
A0A3Q8TLG0,/home/ubuntu/xylanase/xylanase/models/swiss_model/outputs/A0A3Q8TLG0_swissmodel.pdb,A,I7F,7,3
A0A3Q8TLG0,/home/ubuntu/xylanase/xylanase/models/swiss_model/outputs/A0A3Q8TLG0_swissmodel.pdb,A,T8P,8,4
A0A3Q8TLG0,/home/ubuntu/xylanase/xylanase/models/swiss_model/outputs/A0A3Q8TLG0_swissmodel.pdb,A,A9P,9,5
A0A3Q8TLG0,/home/ubuntu/xylanase/xylanase/models/swiss_model/outputs/A0A3Q8TLG0_swissmodel.pdb,A,L11V,11,6
A0A3Q8TLG0,/home/ubuntu/xylanase/xylanase/models/swiss_model/outputs/A0A3Q8TLG0_swissmodel.pdb,A,T12R,12,7
A0A3Q8TLG0,/home/ubuntu/xylanase/xylanase/models/swiss_model/outputs/A0A3Q8TLG0_swissmodel.pdb,A,T13R,13,8
A0A3Q8TLG0,/home/ubuntu/xylanase/xylanase/models/swiss_model/outputs/A0A3Q8TLG0_swissmodel.pdb,A,A14K,14,9
A0A3Q8TLG0,/home/ubuntu/xylanase/xylanase/models/swiss_model/outputs/A0A3Q8TLG0_swissmodel.pdb,A,V15A,15,10
A0A5P6VQ80,/home/ubuntu/xylanase/xylanase/models/swiss_model/outputs/A0A5P6VQ80_swissmodel.pdb,A,K4P,4,1
A0A5P6VQ80,/home/ubuntu/xylanase/xylanase/models/swiss_model/outputs/A0A5P6VQ80_swissmodel.pdb,A,M5T,5,2
A0A5P6VQ80,/home/ubuntu/xylanase/xylanase/models/swiss_model/outputs/A0A5P6VQ80_swissmodel.pdb,A,K7F,7,3
A0A5P6VQ80,/home/ubuntu/xylanase/xylanase/models/swiss_model/outputs/A0A5P6VQ80_swissmodel.pdb,A,S8P,8,4
A0A5P6VQ80,/home/ubuntu/xylanase/xylanase/models/swiss_model/outputs/A0A5P6VQ80_swissmodel.pdb,A,F9P,9,5
A0A5P6VQ80,/home/ubuntu/xylanase/xylanase/models/swiss_model/outputs/A0A5P6VQ80_swissmodel.pdb,A,A11V,11,6
A0A5P6VQ80,/home/ubuntu/xylanase/xylanase/models/swiss_model/outputs/A0A5P6VQ80_swissmodel.pdb,A,K12R,12,7
A0A5P6VQ80,/home/ubuntu/xylanase/xylanase/models/swiss_model/outputs/A0A5P6VQ80_swissmodel.pdb,A,L13R,13,8
A0A5P6VQ80,/home/ubuntu/xylanase/xylanase/models/swiss_model/outputs/A0A5P6VQ80_swissmodel.pdb,A,L14K,14,9
A0A5P6VQ80,/home/ubuntu/xylanase/xylanase/models/swiss_model/outputs/A0A5P6VQ80_swissmodel.pdb,A,V16G,16,10
A0A5P6VU75,/home/ubuntu/xylanase/xylanase/models/swiss_model/outputs/A0A5P6VU75_swissmodel.pdb,A,T141N,141,1
A0A5P6VU75,/home/ubuntu/xylanase/xylanase/models/swiss_model/outputs/A0A5P6VU75_swissmodel.pdb,A,D150N,150,2
A0A5P6VU75,/home/ubuntu/xylanase/xylanase/models/swiss_model/outputs/A0A5P6VU75_swissmodel.pdb,A,W157G,157,3
A0A5P6VU75,/home/ubuntu/xylanase/xylanase/models/swiss_model/outputs/A0A5P6VU75_swissmodel.pdb,A,I170N,170,4
A0A5P6VU75,/home/ubuntu/xylanase/xylanase/models/swiss_model/outputs/A0A5P6VU75_swissmodel.pdb,A,K179G,179,5
A0A5P6VU75,/home/ubuntu/xylanase/xylanase/models/swiss_model/outputs/A0A5P6VU75_swissmodel.pdb,A,L181R,181,6
A0A5P6VU75,/home/ubuntu/xylanase/xylanase/models/swiss_model/outputs/A0A5P6VU75_swissmodel.pdb,A,G182R,182,7
A0A5P6VU75,/home/ubuntu/xylanase/xylanase/models/swiss_model/outputs/A0A5P6VU75_swissmodel.pdb,A,L183D,183,8
A0A5P6VU75,/home/ubuntu/xylanase/xylanase/models/swiss_model/outputs/A0A5P6VU75_swissmodel.pdb,A,P184S,184,9
A0A5P6VU75,/home/ubuntu/xylanase/xylanase/models/swiss_model/outputs/A0A5P6VU75_swissmodel.pdb,A,E185N,185,10
A0A8D5NM93,/home/ubuntu/xylanase/xylanase/models/swiss_model/outputs/A0A8D5NM93_swissmodel.pdb,A,S44T,44,1
A0A8D5NM93,/home/ubuntu/xylanase/xylanase/models/swiss_model/outputs/A0A8D5NM93_swissmodel.pdb,A,N80D,80,2
A0A8D5NM93,/home/ubuntu/xylanase/xylanase/models/swiss_model/outputs/A0A8D5NM93_swissmodel.pdb,A,N110D,110,3
A0A8D5NM93,/home/ubuntu/xylanase/xylanase/models/swiss_model/outputs/A0A8D5NM93_swissmodel.pdb,A,Q114R,114,4
A0A8D5NM93,/home/ubuntu/xylanase/xylanase/models/swiss_model/outputs/A0A8D5NM93_swissmodel.pdb,A,E118Q,118,5
A0A8D5NM93,/home/ubuntu/xylanase/xylanase/models/swiss_model/outputs/A0A8D5NM93_swissmodel.pdb,A,A132G,132,6
A0A8D5NM93,/home/ubuntu/xylanase/xylanase/models/swiss_model/outputs/A0A8D5NM93_swissmodel.pdb,A,M134P,134,7
A0A8D5NM93,/home/ubuntu/xylanase/xylanase/models/swiss_model/outputs/A0A8D5NM93_swissmodel.pdb,A,A141N,141,8
A0A8D5NM93,/home/ubuntu/xylanase/xylanase/models/swiss_model/outputs/A0A8D5NM93_swissmodel.pdb,A,I150N,150,9
A0A8D5NM93,/home/ubuntu/xylanase/xylanase/models/swiss_model/outputs/A0A8D5NM93_swissmodel.pdb,A,Y157G,157,10
A0AAW8VCD8,/home/ubuntu/xylanase/xylanase/models/swiss_model/outputs/A0AAW8VCD8_swissmodel.pdb,A,L4P,4,1
A0AAW8VCD8,/home/ubuntu/xylanase/xylanase/models/swiss_model/outputs/A0AAW8VCD8_swissmodel.pdb,A,F5T,5,2
A0AAW8VCD8,/home/ubuntu/xylanase/xylanase/models/swiss_model/outputs/A0AAW8VCD8_swissmodel.pdb,A,K6L,6,3
A0AAW8VCD8,/home/ubuntu/xylanase/xylanase/models/swiss_model/outputs/A0AAW8VCD8_swissmodel.pdb,A,S8P,8,4
A0AAW8VCD8,/home/ubuntu/xylanase/xylanase/models/swiss_model/outputs/A0AAW8VCD8_swissmodel.pdb,A,L9P,9,5
A0AAW8VCD8,/home/ubuntu/xylanase/xylanase/models/swiss_model/outputs/A0AAW8VCD8_swissmodel.pdb,A,C10A,10,6
A0AAW8VCD8,/home/ubuntu/xylanase/xylanase/models/swiss_model/outputs/A0AAW8VCD8_swissmodel.pdb,A,A11V,11,7
A0AAW8VCD8,/home/ubuntu/xylanase/xylanase/models/swiss_model/outputs/A0AAW8VCD8_swissmodel.pdb,A,L12R,12,8
A0AAW8VCD8,/home/ubuntu/xylanase/xylanase/models/swiss_model/outputs/A0AAW8VCD8_swissmodel.pdb,A,A13R,13,9
A0AAW8VCD8,/home/ubuntu/xylanase/xylanase/models/swiss_model/outputs/A0AAW8VCD8_swissmodel.pdb,A,L14K,14,10
A0ABM8UZ22,/home/ubuntu/xylanase/xylanase/models/swiss_model/outputs/A0ABM8UZ22_swissmodel.pdb,A,D361G,361,1
A0ABM8UZ22,/home/ubuntu/xylanase/xylanase/models/swiss_model/outputs/A0ABM8UZ22_swissmodel.pdb,A,K362T,362,2
A0ABM8UZ22,/home/ubuntu/xylanase/xylanase/models/swiss_model/outputs/A0ABM8UZ22_swissmodel.pdb,A,S363G,363,3
A0ABM8UZ22,/home/ubuntu/xylanase/xylanase/models/swiss_model/outputs/A0ABM8UZ22_swissmodel.pdb,A,G364P,364,4
A0ABM8UZ22,/home/ubuntu/xylanase/xylanase/models/swiss_model/outputs/A0ABM8UZ22_swissmodel.pdb,A,I365V,365,5
A0ABM8UZ22,/home/ubuntu/xylanase/xylanase/models/swiss_model/outputs/A0ABM8UZ22_swissmodel.pdb,A,F366R,366,6
A0ABM8UZ22,/home/ubuntu/xylanase/xylanase/models/swiss_model/outputs/A0ABM8UZ22_swissmodel.pdb,A,D367G,367,7
A0ABM8UZ22,/home/ubuntu/xylanase/xylanase/models/swiss_model/outputs/A0ABM8UZ22_swissmodel.pdb,A,D368V,368,8
A0ABM8UZ22,/home/ubuntu/xylanase/xylanase/models/swiss_model/outputs/A0ABM8UZ22_swissmodel.pdb,A,F369A,369,9
A0ABM8UZ22,/home/ubuntu/xylanase/xylanase/models/swiss_model/outputs/A0ABM8UZ22_swissmodel.pdb,A,E370S,370,10
A0ABN7S7D7,/home/ubuntu/xylanase/xylanase/models/swiss_model/outputs/A0ABN7S7D7_swissmodel.pdb,A,F4P,4,1
A0ABN7S7D7,/home/ubuntu/xylanase/xylanase/models/swiss_model/outputs/A0ABN7S7D7_swissmodel.pdb,A,G5T,5,2
A0ABN7S7D7,/home/ubuntu/xylanase/xylanase/models/swiss_model/outputs/A0ABN7S7D7_swissmodel.pdb,A,G6L,6,3
A0ABN7S7D7,/home/ubuntu/xylanase/xylanase/models/swiss_model/outputs/A0ABN7S7D7_swissmodel.pdb,A,T7F,7,4
A0ABN7S7D7,/home/ubuntu/xylanase/xylanase/models/swiss_model/outputs/A0ABN7S7D7_swissmodel.pdb,A,Q8P,8,5
A0ABN7S7D7,/home/ubuntu/xylanase/xylanase/models/swiss_model/outputs/A0ABN7S7D7_swissmodel.pdb,A,I9P,9,6
A0ABN7S7D7,/home/ubuntu/xylanase/xylanase/models/swiss_model/outputs/A0ABN7S7D7_swissmodel.pdb,A,L10A,10,7
A0ABN7S7D7,/home/ubuntu/xylanase/xylanase/models/swiss_model/outputs/A0ABN7S7D7_swissmodel.pdb,A,K11V,11,8
A0ABN7S7D7,/home/ubuntu/xylanase/xylanase/models/swiss_model/outputs/A0ABN7S7D7_swissmodel.pdb,A,V12R,12,9
A0ABN7S7D7,/home/ubuntu/xylanase/xylanase/models/swiss_model/outputs/A0ABN7S7D7_swissmodel.pdb,A,G13R,13,10
A0ABN7S882,/home/ubuntu/xylanase/xylanase/models/swiss_model/outputs/A0ABN7S882_swissmodel.pdb,A,G4P,4,1
A0ABN7S882,/home/ubuntu/xylanase/xylanase/models/swiss_model/outputs/A0ABN7S882_swissmodel.pdb,A,G5T,5,2
A0ABN7S882,/home/ubuntu/xylanase/xylanase/models/swiss_model/outputs/A0ABN7S882_swissmodel.pdb,A,R6L,6,3
A0ABN7S882,/home/ubuntu/xylanase/xylanase/models/swiss_model/outputs/A0ABN7S882_swissmodel.pdb,A,T7F,7,4
A0ABN7S882,/home/ubuntu/xylanase/xylanase/models/swiss_model/outputs/A0ABN7S882_swissmodel.pdb,A,K8P,8,5
A0ABN7S882,/home/ubuntu/xylanase/xylanase/models/swiss_model/outputs/A0ABN7S882_swissmodel.pdb,A,A9P,9,6
A0ABN7S882,/home/ubuntu/xylanase/xylanase/models/swiss_model/outputs/A0ABN7S882_swissmodel.pdb,A,R11V,11,7
A0ABN7S882,/home/ubuntu/xylanase/xylanase/models/swiss_model/outputs/A0ABN7S882_swissmodel.pdb,A,S12R,12,8
A0ABN7S882,/home/ubuntu/xylanase/xylanase/models/swiss_model/outputs/A0ABN7S882_swissmodel.pdb,A,G13R,13,9
A0ABN7S882,/home/ubuntu/xylanase/xylanase/models/swiss_model/outputs/A0ABN7S882_swissmodel.pdb,A,A14K,14,10
A7TVD4,/home/ubuntu/xylanase/xylanase/models/swiss_model/outputs/A7TVD4_swissmodel.pdb,A,M134P,134,1
A7TVD4,/home/ubuntu/xylanase/xylanase/models/swiss_model/outputs/A7TVD4_swissmodel.pdb,A,A141N,141,2
A7TVD4,/home/ubuntu/xylanase/xylanase/models/swiss_model/outputs/A7TVD4_swissmodel.pdb,A,I150N,150,3
A7TVD4,/home/ubuntu/xylanase/xylanase/models/swiss_model/outputs/A7TVD4_swissmodel.pdb,A,Y157G,157,4
A7TVD4,/home/ubuntu/xylanase/xylanase/models/swiss_model/outputs/A7TVD4_swissmodel.pdb,A,A170N,170,5
A7TVD4,/home/ubuntu/xylanase/xylanase/models/swiss_model/outputs/A7TVD4_swissmodel.pdb,A,R179G,179,6
A7TVD4,/home/ubuntu/xylanase/xylanase/models/swiss_model/outputs/A7TVD4_swissmodel.pdb,A,D181R,181,7
A7TVD4,/home/ubuntu/xylanase/xylanase/models/swiss_model/outputs/A7TVD4_swissmodel.pdb,A,S182R,182,8
A7TVD4,/home/ubuntu/xylanase/xylanase/models/swiss_model/outputs/A7TVD4_swissmodel.pdb,A,N183D,183,9
A7TVD4,/home/ubuntu/xylanase/xylanase/models/swiss_model/outputs/A7TVD4_swissmodel.pdb,A,L184S,184,10
B1A3N2,/home/ubuntu/xylanase/xylanase/models/swiss_model/outputs/B1A3N2_swissmodel.pdb,A,K4P,4,1
B1A3N2,/home/ubuntu/xylanase/xylanase/models/swiss_model/outputs/B1A3N2_swissmodel.pdb,A,F5T,5,2
B1A3N2,/home/ubuntu/xylanase/xylanase/models/swiss_model/outputs/B1A3N2_swissmodel.pdb,A,K6L,6,3
B1A3N2,/home/ubuntu/xylanase/xylanase/models/swiss_model/outputs/B1A3N2_swissmodel.pdb,A,R7F,7,4
B1A3N2,/home/ubuntu/xylanase/xylanase/models/swiss_model/outputs/B1A3N2_swissmodel.pdb,A,L8P,8,5
B1A3N2,/home/ubuntu/xylanase/xylanase/models/swiss_model/outputs/B1A3N2_swissmodel.pdb,A,V9P,9,6
B1A3N2,/home/ubuntu/xylanase/xylanase/models/swiss_model/outputs/B1A3N2_swissmodel.pdb,A,S10A,10,7
B1A3N2,/home/ubuntu/xylanase/xylanase/models/swiss_model/outputs/B1A3N2_swissmodel.pdb,A,M11V,11,8
B1A3N2,/home/ubuntu/xylanase/xylanase/models/swiss_model/outputs/B1A3N2_swissmodel.pdb,A,L12R,12,9
B1A3N2,/home/ubuntu/xylanase/xylanase/models/swiss_model/outputs/B1A3N2_swissmodel.pdb,A,L13R,13,10
E0RYH1,/home/ubuntu/xylanase/xylanase/models/swiss_model/outputs/E0RYH1_swissmodel.pdb,A,Q4P,4,1
E0RYH1,/home/ubuntu/xylanase/xylanase/models/swiss_model/outputs/E0RYH1_swissmodel.pdb,A,G5T,5,2
E0RYH1,/home/ubuntu/xylanase/xylanase/models/swiss_model/outputs/E0RYH1_swissmodel.pdb,A,R6L,6,3
E0RYH1,/home/ubuntu/xylanase/xylanase/models/swiss_model/outputs/E0RYH1_swissmodel.pdb,A,S7F,7,4
E0RYH1,/home/ubuntu/xylanase/xylanase/models/swiss_model/outputs/E0RYH1_swissmodel.pdb,A,L8P,8,5
E0RYH1,/home/ubuntu/xylanase/xylanase/models/swiss_model/outputs/E0RYH1_swissmodel.pdb,A,V9P,9,6
E0RYH1,/home/ubuntu/xylanase/xylanase/models/swiss_model/outputs/E0RYH1_swissmodel.pdb,A,M12R,12,7
E0RYH1,/home/ubuntu/xylanase/xylanase/models/swiss_model/outputs/E0RYH1_swissmodel.pdb,A,A13R,13,8
E0RYH1,/home/ubuntu/xylanase/xylanase/models/swiss_model/outputs/E0RYH1_swissmodel.pdb,A,A14K,14,9
E0RYH1,/home/ubuntu/xylanase/xylanase/models/swiss_model/outputs/E0RYH1_swissmodel.pdb,A,S15A,15,10
E0S1S5,/home/ubuntu/xylanase/xylanase/models/swiss_model/outputs/E0S1S5_swissmodel.pdb,A,K4P,4,1
E0S1S5,/home/ubuntu/xylanase/xylanase/models/swiss_model/outputs/E0S1S5_swissmodel.pdb,A,Q5T,5,2
E0S1S5,/home/ubuntu/xylanase/xylanase/models/swiss_model/outputs/E0S1S5_swissmodel.pdb,A,R6L,6,3
E0S1S5,/home/ubuntu/xylanase/xylanase/models/swiss_model/outputs/E0S1S5_swissmodel.pdb,A,N7F,7,4
E0S1S5,/home/ubuntu/xylanase/xylanase/models/swiss_model/outputs/E0S1S5_swissmodel.pdb,A,V8P,8,5
E0S1S5,/home/ubuntu/xylanase/xylanase/models/swiss_model/outputs/E0S1S5_swissmodel.pdb,A,K9P,9,6
E0S1S5,/home/ubuntu/xylanase/xylanase/models/swiss_model/outputs/E0S1S5_swissmodel.pdb,A,C10A,10,7
E0S1S5,/home/ubuntu/xylanase/xylanase/models/swiss_model/outputs/E0S1S5_swissmodel.pdb,A,F11V,11,8
E0S1S5,/home/ubuntu/xylanase/xylanase/models/swiss_model/outputs/E0S1S5_swissmodel.pdb,A,I12R,12,9
E0S1S5,/home/ubuntu/xylanase/xylanase/models/swiss_model/outputs/E0S1S5_swissmodel.pdb,A,S13R,13,10
E0S1Z8,/home/ubuntu/xylanase/xylanase/models/swiss_model/outputs/E0S1Z8_swissmodel.pdb,A,K4P,4,1
E0S1Z8,/home/ubuntu/xylanase/xylanase/models/swiss_model/outputs/E0S1Z8_swissmodel.pdb,A,A6L,6,2
E0S1Z8,/home/ubuntu/xylanase/xylanase/models/swiss_model/outputs/E0S1Z8_swissmodel.pdb,A,Y7F,7,3
E0S1Z8,/home/ubuntu/xylanase/xylanase/models/swiss_model/outputs/E0S1Z8_swissmodel.pdb,A,E8P,8,4
E0S1Z8,/home/ubuntu/xylanase/xylanase/models/swiss_model/outputs/E0S1Z8_swissmodel.pdb,A,Y10A,10,5
E0S1Z8,/home/ubuntu/xylanase/xylanase/models/swiss_model/outputs/E0S1Z8_swissmodel.pdb,A,F11V,11,6
E0S1Z8,/home/ubuntu/xylanase/xylanase/models/swiss_model/outputs/E0S1Z8_swissmodel.pdb,A,K12R,12,7
E0S1Z8,/home/ubuntu/xylanase/xylanase/models/swiss_model/outputs/E0S1Z8_swissmodel.pdb,A,M13R,13,8
E0S1Z8,/home/ubuntu/xylanase/xylanase/models/swiss_model/outputs/E0S1Z8_swissmodel.pdb,A,G14K,14,9
E0S1Z8,/home/ubuntu/xylanase/xylanase/models/swiss_model/outputs/E0S1Z8_swissmodel.pdb,A,A16G,16,10
E0S2F5,/home/ubuntu/xylanase/xylanase/models/swiss_model/outputs/E0S2F5_swissmodel.pdb,A,R4P,4,1
E0S2F5,/home/ubuntu/xylanase/xylanase/models/swiss_model/outputs/E0S2F5_swissmodel.pdb,A,W5T,5,2
E0S2F5,/home/ubuntu/xylanase/xylanase/models/swiss_model/outputs/E0S2F5_swissmodel.pdb,A,G7F,7,3
E0S2F5,/home/ubuntu/xylanase/xylanase/models/swiss_model/outputs/E0S2F5_swissmodel.pdb,A,I8P,8,4
E0S2F5,/home/ubuntu/xylanase/xylanase/models/swiss_model/outputs/E0S2F5_swissmodel.pdb,A,S9P,9,5
E0S2F5,/home/ubuntu/xylanase/xylanase/models/swiss_model/outputs/E0S2F5_swissmodel.pdb,A,S10A,10,6
E0S2F5,/home/ubuntu/xylanase/xylanase/models/swiss_model/outputs/E0S2F5_swissmodel.pdb,A,F11V,11,7
E0S2F5,/home/ubuntu/xylanase/xylanase/models/swiss_model/outputs/E0S2F5_swissmodel.pdb,A,V12R,12,8
E0S2F5,/home/ubuntu/xylanase/xylanase/models/swiss_model/outputs/E0S2F5_swissmodel.pdb,A,M13R,13,9
E0S2F5,/home/ubuntu/xylanase/xylanase/models/swiss_model/outputs/E0S2F5_swissmodel.pdb,A,A14K,14,10
E9SA77,/home/ubuntu/xylanase/xylanase/models/swiss_model/outputs/E9SA77_swissmodel.pdb,A,R4P,4,1
E9SA77,/home/ubuntu/xylanase/xylanase/models/swiss_model/outputs/E9SA77_swissmodel.pdb,A,L5T,5,2
E9SA77,/home/ubuntu/xylanase/xylanase/models/swiss_model/outputs/E9SA77_swissmodel.pdb,A,F6L,6,3
E9SA77,/home/ubuntu/xylanase/xylanase/models/swiss_model/outputs/E9SA77_swissmodel.pdb,A,V7F,7,4
E9SA77,/home/ubuntu/xylanase/xylanase/models/swiss_model/outputs/E9SA77_swissmodel.pdb,A,R8P,8,5
E9SA77,/home/ubuntu/xylanase/xylanase/models/swiss_model/outputs/E9SA77_swissmodel.pdb,A,R9P,9,6
E9SA77,/home/ubuntu/xylanase/xylanase/models/swiss_model/outputs/E9SA77_swissmodel.pdb,A,A11V,11,7
E9SA77,/home/ubuntu/xylanase/xylanase/models/swiss_model/outputs/E9SA77_swissmodel.pdb,A,L12R,12,8
E9SA77,/home/ubuntu/xylanase/xylanase/models/swiss_model/outputs/E9SA77_swissmodel.pdb,A,A13R,13,9
E9SA77,/home/ubuntu/xylanase/xylanase/models/swiss_model/outputs/E9SA77_swissmodel.pdb,A,A14K,14,10
E9SDY0,/home/ubuntu/xylanase/xylanase/models/swiss_model/outputs/E9SDY0_swissmodel.pdb,A,H4P,4,1
E9SDY0,/home/ubuntu/xylanase/xylanase/models/swiss_model/outputs/E9SDY0_swissmodel.pdb,A,K5T,5,2
E9SDY0,/home/ubuntu/xylanase/xylanase/models/swiss_model/outputs/E9SDY0_swissmodel.pdb,A,K6L,6,3
E9SDY0,/home/ubuntu/xylanase/xylanase/models/swiss_model/outputs/E9SDY0_swissmodel.pdb,A,L7F,7,4
E9SDY0,/home/ubuntu/xylanase/xylanase/models/swiss_model/outputs/E9SDY0_swissmodel.pdb,A,L8P,8,5
E9SDY0,/home/ubuntu/xylanase/xylanase/models/swiss_model/outputs/E9SDY0_swissmodel.pdb,A,A9P,9,6
E9SDY0,/home/ubuntu/xylanase/xylanase/models/swiss_model/outputs/E9SDY0_swissmodel.pdb,A,M10A,10,7
E9SDY0,/home/ubuntu/xylanase/xylanase/models/swiss_model/outputs/E9SDY0_swissmodel.pdb,A,L11V,11,8
E9SDY0,/home/ubuntu/xylanase/xylanase/models/swiss_model/outputs/E9SDY0_swissmodel.pdb,A,M12R,12,9
E9SDY0,/home/ubuntu/xylanase/xylanase/models/swiss_model/outputs/E9SDY0_swissmodel.pdb,A,A13R,13,10
J7JXS8,/home/ubuntu/xylanase/xylanase/models/swiss_model/outputs/J7JXS8_swissmodel.pdb,A,K7F,7,1
J7JXS8,/home/ubuntu/xylanase/xylanase/models/swiss_model/outputs/J7JXS8_swissmodel.pdb,A,M8P,8,2
J7JXS8,/home/ubuntu/xylanase/xylanase/models/swiss_model/outputs/J7JXS8_swissmodel.pdb,A,L9P,9,3
J7JXS8,/home/ubuntu/xylanase/xylanase/models/swiss_model/outputs/J7JXS8_swissmodel.pdb,A,S10A,10,4
J7JXS8,/home/ubuntu/xylanase/xylanase/models/swiss_model/outputs/J7JXS8_swissmodel.pdb,A,L11V,11,5
J7JXS8,/home/ubuntu/xylanase/xylanase/models/swiss_model/outputs/J7JXS8_swissmodel.pdb,A,L12R,12,6
J7JXS8,/home/ubuntu/xylanase/xylanase/models/swiss_model/outputs/J7JXS8_swissmodel.pdb,A,V13R,13,7
J7JXS8,/home/ubuntu/xylanase/xylanase/models/swiss_model/outputs/J7JXS8_swissmodel.pdb,A,S14K,14,8
J7JXS8,/home/ubuntu/xylanase/xylanase/models/swiss_model/outputs/J7JXS8_swissmodel.pdb,A,F15A,15,9
J7JXS8,/home/ubuntu/xylanase/xylanase/models/swiss_model/outputs/J7JXS8_swissmodel.pdb,A,M16G,16,10
Q21NZ2,/home/ubuntu/xylanase/xylanase/models/swiss_model/outputs/Q21NZ2_swissmodel.pdb,A,I4P,4,1
Q21NZ2,/home/ubuntu/xylanase/xylanase/models/swiss_model/outputs/Q21NZ2_swissmodel.pdb,A,M6L,6,2
Q21NZ2,/home/ubuntu/xylanase/xylanase/models/swiss_model/outputs/Q21NZ2_swissmodel.pdb,A,K7F,7,3
Q21NZ2,/home/ubuntu/xylanase/xylanase/models/swiss_model/outputs/Q21NZ2_swissmodel.pdb,A,A8P,8,4
Q21NZ2,/home/ubuntu/xylanase/xylanase/models/swiss_model/outputs/Q21NZ2_swissmodel.pdb,A,G9P,9,5
Q21NZ2,/home/ubuntu/xylanase/xylanase/models/swiss_model/outputs/Q21NZ2_swissmodel.pdb,A,L10A,10,6
Q21NZ2,/home/ubuntu/xylanase/xylanase/models/swiss_model/outputs/Q21NZ2_swissmodel.pdb,A,L11V,11,7
Q21NZ2,/home/ubuntu/xylanase/xylanase/models/swiss_model/outputs/Q21NZ2_swissmodel.pdb,A,L12R,12,8
Q21NZ2,/home/ubuntu/xylanase/xylanase/models/swiss_model/outputs/Q21NZ2_swissmodel.pdb,A,I14K,14,9
Q21NZ2,/home/ubuntu/xylanase/xylanase/models/swiss_model/outputs/Q21NZ2_swissmodel.pdb,A,L15A,15,10
Q9RQB7,/home/ubuntu/xylanase/xylanase/models/swiss_model/outputs/Q9RQB7_swissmodel.pdb,A,R4P,4,1
Q9RQB7,/home/ubuntu/xylanase/xylanase/models/swiss_model/outputs/Q9RQB7_swissmodel.pdb,A,Q5T,5,2
Q9RQB7,/home/ubuntu/xylanase/xylanase/models/swiss_model/outputs/Q9RQB7_swissmodel.pdb,A,S6L,6,3
Q9RQB7,/home/ubuntu/xylanase/xylanase/models/swiss_model/outputs/Q9RQB7_swissmodel.pdb,A,L7F,7,4
Q9RQB7,/home/ubuntu/xylanase/xylanase/models/swiss_model/outputs/Q9RQB7_swissmodel.pdb,A,S8P,8,5
Q9RQB7,/home/ubuntu/xylanase/xylanase/models/swiss_model/outputs/Q9RQB7_swissmodel.pdb,A,G10A,10,6
Q9RQB7,/home/ubuntu/xylanase/xylanase/models/swiss_model/outputs/Q9RQB7_swissmodel.pdb,A,R11V,11,7
Q9RQB7,/home/ubuntu/xylanase/xylanase/models/swiss_model/outputs/Q9RQB7_swissmodel.pdb,A,V12R,12,8
Q9RQB7,/home/ubuntu/xylanase/xylanase/models/swiss_model/outputs/Q9RQB7_swissmodel.pdb,A,P13R,13,9
Q9RQB7,/home/ubuntu/xylanase/xylanase/models/swiss_model/outputs/Q9RQB7_swissmodel.pdb,A,G14K,14,10
