uniprot_accession,organism,organism_type,gh_family,model_path,ligand,vina_score,notes,vina_xylobiose_score,vina_xylotriose_score,vina_xylobiose_score_norm,vina_xylotriose_score_norm,docking_score_mean_norm,rank_docking
A0A0B5JC15,Humicola insolens (Soft-rot fungus),fungal,GH11,/home/ubuntu/xylanase/xylanase/models/swiss_model/outputs/A0A0B5JC15_swissmodel.pdb,xylobiose_and_xylotriose,,,-5.237,-8.594,0.4758441558441559,0.8620449802921399,0.668944568068148,64.0
B3VSG7,Botryotinia fuckeliana (strain B05.10) (Noble rot fungus) (Botrytis cinerea),fungal,GH11,/home/ubuntu/xylanase/xylanase/models/swiss_model/outputs/B3VSG7_swissmodel.pdb,xylobiose_and_xylotriose,,,-6.422,-8.185,0.7836363636363636,0.7672153953164851,0.7754258794764244,30.0
D5EY13,Xylanibacter ruminicola (strain ATCC 19189 / DSM 19721 / CIP 105475 / JCM 8958 / 23) (Prevotella ruminicola),bacterial,GH10,/home/ubuntu/xylanase/xylanase/models/swiss_model/outputs/D5EY13_swissmodel.pdb,xylobiose_and_xylotriose,,,-5.524,-7.006,0.5503896103896104,0.4938557848365407,0.5221226976130755,107.0
P83513,Pseudobutyrivibrio xylanivorans,bacterial,GH11,/home/ubuntu/xylanase/xylanase/models/swiss_model/outputs/P83513_swissmodel.pdb,xylobiose_and_xylotriose,,,-6.506,-6.66,0.8054545454545455,0.4136332019476003,0.6095438737010729,80.0
P23030,Cellvibrio japonicus (strain Ueda107) (Pseudomonas fluorescens subsp. cellulosa),bacterial,GH10,/home/ubuntu/xylanase/xylanase/models/swiss_model/outputs/P23030_swissmodel.pdb,xylobiose_and_xylotriose,,,-5.757,-6.981,0.6109090909090908,0.4880593554370507,0.5494842231730708,98.0
P84195,Gloeophyllum trabeum (Brown rot fungus) (Agaricus trabeus),fungal,GH10,/home/ubuntu/xylanase/xylanase/models/swiss_model/outputs/P84195_swissmodel.pdb,xylobiose_and_xylotriose,,,-5.161,-5.559,0.456103896103896,0.1583584511940644,0.3072311736489802,142.0
Q2LMP0,Botryotinia fuckeliana (Noble rot fungus) (Botrytis cinerea),fungal,GH11,/home/ubuntu/xylanase/xylanase/models/swiss_model/outputs/Q2LMP0_swissmodel.pdb,xylobiose_and_xylotriose,,,-6.249,-8.541,0.7387012987012986,0.8497565499652215,0.7942289243332601,24.0
Q4P0L3,Mycosarcoma maydis (Corn smut fungus) (Ustilago maydis),fungal,GH11,/home/ubuntu/xylanase/xylanase/models/swiss_model/outputs/Q4P0L3_swissmodel.pdb,xylobiose_and_xylotriose,,,-5.918,-8.073,0.6527272727272728,0.7412473916067703,0.6969873321670216,56.0
Q59674,Cellvibrio japonicus (Pseudomonas fluorescens subsp. cellulosa),bacterial,GH11,/home/ubuntu/xylanase/xylanase/models/swiss_model/outputs/Q59674_swissmodel.pdb,xylobiose_and_xylotriose,,,-6.57,-8.456,0.8220779220779222,0.8300486900069556,0.8260633060424389,14.0
V9TS54,Humicola insolens (Soft-rot fungus),fungal,GH11,/home/ubuntu/xylanase/xylanase/models/swiss_model/outputs/V9TS54_swissmodel.pdb,xylobiose_and_xylotriose,,,-5.574,-6.721,0.5633766233766234,0.4277764896823556,0.4955765565294895,117.0
V9TXH2,Paenibacillus barcinonensis,bacterial,GH11,/home/ubuntu/xylanase/xylanase/models/swiss_model/outputs/V9TXH2_swissmodel.pdb,xylobiose_and_xylotriose,,,-5.375,-6.933,0.5116883116883117,0.4769302109900301,0.4943092613391709,118.0
B3PIN1,Cellvibrio japonicus (strain Ueda107) (Pseudomonas fluorescens subsp. cellulosa),bacterial,GH11,/home/ubuntu/xylanase/xylanase/models/swiss_model/outputs/B3PIN1_swissmodel.pdb,xylobiose_and_xylotriose,,,-6.638,-8.458,0.8397402597402598,0.8305124043589149,0.8351263320495874,10.0
J7FK35,Aspergillus oryzae (Yellow koji mold),fungal,GH10,/home/ubuntu/xylanase/xylanase/models/swiss_model/outputs/J7FK35_swissmodel.pdb,xylobiose_and_xylotriose,,,-6.467,-7.5,0.7953246753246752,0.6083932297704614,0.7018589525475682,54.0
Q1K5S8,Neurospora crassa (strain ATCC 24698 / 74-OR23-1A / CBS 708.71 / DSM 1257 / FGSC 987),fungal,GH11,/home/ubuntu/xylanase/xylanase/models/swiss_model/outputs/Q1K5S8_swissmodel.pdb,xylobiose_and_xylotriose,,,-6.067,-8.452,0.6914285714285715,0.8291212613030373,0.7602749163658045,35.0
Q21G61,Saccharophagus degradans (strain 2-40 / ATCC 43961 / DSM 17024),bacterial,GH11,/home/ubuntu/xylanase/xylanase/models/swiss_model/outputs/Q21G61_swissmodel.pdb,xylobiose_and_xylotriose,,,-6.643,-8.589,0.841038961038961,0.8608856944122422,0.8509623277256015,7.0
Q8VP72,Cellvibrio japonicus (Pseudomonas fluorescens subsp. cellulosa),bacterial,GH11,/home/ubuntu/xylanase/xylanase/models/swiss_model/outputs/Q8VP72_swissmodel.pdb,xylobiose_and_xylotriose,,,-5.349,-7.093,0.504935064935065,0.5140273591467656,0.5094812120409153,113.0
Q96UV7,Lentinula edodes (Shiitake mushroom) (Lentinus edodes),fungal,GH11,/home/ubuntu/xylanase/xylanase/models/swiss_model/outputs/Q96UV7_swissmodel.pdb,xylobiose_and_xylotriose,,,-5.548,-6.566,0.5566233766233767,0.3918386274055181,0.4742310020144474,129.0
U5HTZ3,Gloeophyllum trabeum (Brown rot fungus) (Agaricus trabeus),fungal,GH10,/home/ubuntu/xylanase/xylanase/models/swiss_model/outputs/U5HTZ3_swissmodel.pdb,xylobiose_and_xylotriose,,,-5.574,-7.294,0.5633766233766234,0.5606306515186643,0.5620036374476438,91.0
A0A024FRL8,Irpex lacteus (Milk-white toothed polypore) (Polyporus tulipiferae),fungal,GH10,/home/ubuntu/xylanase/xylanase/models/swiss_model/outputs/A0A024FRL8_swissmodel.pdb,xylobiose_and_xylotriose,,,-5.802,-7.118,0.6225974025974025,0.5198237885462555,0.571210595571829,89.0
A0A024FRX8,Irpex lacteus (Milk-white toothed polypore) (Polyporus tulipiferae),fungal,GH10,/home/ubuntu/xylanase/xylanase/models/swiss_model/outputs/A0A024FRX8_swissmodel.pdb,xylobiose_and_xylotriose,,,-5.197,-7.116,0.4654545454545455,0.5193600741942962,0.4924073098244208,120.0
A0A024FS83,Irpex lacteus (Milk-white toothed polypore) (Polyporus tulipiferae),fungal,GH10,/home/ubuntu/xylanase/xylanase/models/swiss_model/outputs/A0A024FS83_swissmodel.pdb,xylobiose_and_xylotriose,,,-5.664,-6.859,0.5867532467532467,0.4597727799675399,0.5232630133603933,106.0
A0A024FSH9,Irpex lacteus (Milk-white toothed polypore) (Polyporus tulipiferae),fungal,GH10,/home/ubuntu/xylanase/xylanase/models/swiss_model/outputs/A0A024FSH9_swissmodel.pdb,xylobiose_and_xylotriose,,,-6.528,-8.906,0.8111688311688311,0.9343844191977744,0.8727766251833027,4.0
A0A059P9J8,Gloeophyllum trabeum (Brown rot fungus) (Agaricus trabeus),fungal,GH10,/home/ubuntu/xylanase/xylanase/models/swiss_model/outputs/A0A059P9J8_swissmodel.pdb,xylobiose_and_xylotriose,,,-5.88,-6.579,0.6428571428571429,0.3948527706932528,0.5188549567751979,110.0
A0A075WJH8,Malbranchea pulchella,fungal,GH10,/home/ubuntu/xylanase/xylanase/models/swiss_model/outputs/A0A075WJH8_swissmodel.pdb,xylobiose_and_xylotriose,,,-5.845,-6.93,0.6337662337662338,0.4762346394620912,0.5550004366141625,95.0
A0A0C4K5J5,Papiliotrema flavescens,fungal,GH10,/home/ubuntu/xylanase/xylanase/models/swiss_model/outputs/A0A0C4K5J5_swissmodel.pdb,xylobiose_and_xylotriose,,,-6.61,-7.937,0.8324675324675326,0.7097148156735451,0.7710911740705388,33.0
A0A0F9XA32,Trichoderma harzianum (Hypocrea lixii),fungal,GH11,/home/ubuntu/xylanase/xylanase/models/swiss_model/outputs/A0A0F9XA32_swissmodel.pdb,xylobiose_and_xylotriose,,,-6.201,-8.418,0.7262337662337661,0.8212381173197308,0.7737359417767484,32.0
A0A0K3A1E7,Xanthomonas graminis pv. arrhenatheri LMG 727,bacterial,GH10,/home/ubuntu/xylanase/xylanase/models/swiss_model/outputs/A0A0K3A1E7_swissmodel.pdb,xylobiose_and_xylotriose,,,-6.84,-8.999,0.8922077922077922,0.9559471365638768,0.9240774643858344,2.0
A0A0K3A9X5,Xanthomonas graminis pv. poae,bacterial,GH10,/home/ubuntu/xylanase/xylanase/models/swiss_model/outputs/A0A0K3A9X5_swissmodel.pdb,xylobiose_and_xylotriose,,,-6.867,-8.056,0.8992207792207793,0.7373058196151169,0.8182632994179481,17.0
A0A0S3G5Y8,Bacillus sp. SC-2014,bacterial,GH11,/home/ubuntu/xylanase/xylanase/models/swiss_model/outputs/A0A0S3G5Y8_swissmodel.pdb,xylobiose_and_xylotriose,,,-6.06,-8.149,0.6896103896103896,0.7588685369812194,0.7242394632958045,45.0
A0A0U2V335,Thermoactinospora rubra,bacterial,GH10,/home/ubuntu/xylanase/xylanase/models/swiss_model/outputs/A0A0U2V335_swissmodel.pdb,xylobiose_and_xylotriose,,,-5.963,-7.809,0.6644155844155845,0.6800370971481567,0.6722263407818706,63.0
A0A173M083,Ruminiclostridium josui (Clostridium josui),bacterial,GH10,/home/ubuntu/xylanase/xylanase/models/swiss_model/outputs/A0A173M083_swissmodel.pdb,xylobiose_and_xylotriose,,,-5.612,-7.087,0.5732467532467533,0.5126362160908879,0.5429414846688206,100.0
A0A1X9RHS0,Paenibacillus amylolyticus,bacterial,GH10,/home/ubuntu/xylanase/xylanase/models/swiss_model/outputs/A0A1X9RHS0_swissmodel.pdb,xylobiose_and_xylotriose,,,-6.322,-8.708,0.7576623376623377,0.888476698353814,0.8230695180080758,15.0
A0A286N5W6,Paenibacillus massiliensis subsp. panacisoli,bacterial,GH10,/home/ubuntu/xylanase/xylanase/models/swiss_model/outputs/A0A286N5W6_swissmodel.pdb,xylobiose_and_xylotriose,,,-7.115,-8.662,0.9636363636363636,0.8778112682587528,0.9207238159475584,3.0
A0A291B2R6,Humicola insolens (Soft-rot fungus),fungal,GH11,/home/ubuntu/xylanase/xylanase/models/swiss_model/outputs/A0A291B2R6_swissmodel.pdb,xylobiose_and_xylotriose,,,-5.806,-7.955,0.6236363636363637,0.7138882448411779,0.6687623042387707,65.0
A0A291B2S7,Humicola insolens (Soft-rot fungus),fungal,GH11,/home/ubuntu/xylanase/xylanase/models/swiss_model/outputs/A0A291B2S7_swissmodel.pdb,xylobiose_and_xylotriose,,,-6.451,-8.629,0.7911688311688311,0.8701599814514258,0.8306644063101285,12.0
A0A291B2W8,Humicola insolens (Soft-rot fungus),fungal,GH11,/home/ubuntu/xylanase/xylanase/models/swiss_model/outputs/A0A291B2W8_swissmodel.pdb,xylobiose_and_xylotriose,,,-5.634,-6.836,0.5789610389610391,0.4544400649200092,0.5167005519405242,111.0
A0A291NUE5,Bacillus licheniformis,bacterial,GH11,/home/ubuntu/xylanase/xylanase/models/swiss_model/outputs/A0A291NUE5_swissmodel.pdb,xylobiose_and_xylotriose,,,-5.929,-7.608,0.6555844155844157,0.6334338047762577,0.6445091101803366,68.0
A0A291NUI0,Bacillus subtilis,bacterial,GH11,/home/ubuntu/xylanase/xylanase/models/swiss_model/outputs/A0A291NUI0_swissmodel.pdb,xylobiose_and_xylotriose,,,-5.669,-7.504,0.5880519480519479,0.6093206584743797,0.5986863032631637,82.0
A0A2D0WJC8,Evansstolkia leycettana,fungal,GH11,/home/ubuntu/xylanase/xylanase/models/swiss_model/outputs/A0A2D0WJC8_swissmodel.pdb,xylobiose_and_xylotriose,,,-7.046,-8.795,0.9457142857142858,0.9086482726640388,0.9271812791891624,1.0
A0A2L1GH36,Caldicoprobacter sp,bacterial,GH11,/home/ubuntu/xylanase/xylanase/models/swiss_model/outputs/A0A2L1GH36_swissmodel.pdb,xylobiose_and_xylotriose,,,-6.376,-8.448,0.7716883116883118,0.828193832599119,0.7999410721437155,21.0
A0A2L1GIZ3,Penicillium sp,fungal,GH11,/home/ubuntu/xylanase/xylanase/models/swiss_model/outputs/A0A2L1GIZ3_swissmodel.pdb,xylobiose_and_xylotriose,,,-6.709,-7.877,0.8581818181818182,0.6958033851147692,0.7769926016482938,29.0
A0A2P0ZW24,Paenibacillus woosongensis,bacterial,GH10,/home/ubuntu/xylanase/xylanase/models/swiss_model/outputs/A0A2P0ZW24_swissmodel.pdb,xylobiose_and_xylotriose,,,-5.781,-6.644,0.6171428571428571,0.4099234871319267,0.5135331721373919,112.0
A0A2Z5XER4,Penicillium sp,fungal,GH10,/home/ubuntu/xylanase/xylanase/models/swiss_model/outputs/A0A2Z5XER4_swissmodel.pdb,xylobiose_and_xylotriose,,,-5.802,-7.186,0.6225974025974025,0.535590076512868,0.5790937395551352,85.0
A0A3Q8TLG0,Thermobifida fusca (Thermomonospora fusca),bacterial,GH10,/home/ubuntu/xylanase/xylanase/models/swiss_model/outputs/A0A3Q8TLG0_swissmodel.pdb,xylobiose_and_xylotriose,,,-5.682,-9.189,0.5914285714285715,1.0,0.7957142857142858,23.0
A0A411KZA6,Allostreptomyces psammosilenae,bacterial,GH10,/home/ubuntu/xylanase/xylanase/models/swiss_model/outputs/A0A411KZA6_swissmodel.pdb,xylobiose_and_xylotriose,,,-5.912,-8.12,0.6511688311688312,0.7521446788778111,0.7016567550233211,55.0
A0A4D6DK93,Streptomyces ipomoeae,bacterial,GH10,/home/ubuntu/xylanase/xylanase/models/swiss_model/outputs/A0A4D6DK93_swissmodel.pdb,xylobiose_and_xylotriose,,,-5.761,-8.101,0.611948051948052,0.7477393925341991,0.6798437222411255,60.0
A0A5P6VQ80,Pseudobutyrivibrio xylanivorans,bacterial,GH10,/home/ubuntu/xylanase/xylanase/models/swiss_model/outputs/A0A5P6VQ80_swissmodel.pdb,xylobiose_and_xylotriose,,,-5.327,-7.343,0.4992207792207792,0.5719916531416647,0.535606216181222,104.0
A0A5P6VU75,Pseudobutyrivibrio xylanivorans,bacterial,GH10,/home/ubuntu/xylanase/xylanase/models/swiss_model/outputs/A0A5P6VU75_swissmodel.pdb,xylobiose_and_xylotriose,,,-6.003,-7.355,0.6748051948051949,0.5747739392534199,0.6247895670293073,76.0
A0A6B9D8N2,Aspergillus sulphureus,fungal,GH11,/home/ubuntu/xylanase/xylanase/models/swiss_model/outputs/A0A6B9D8N2_swissmodel.pdb,xylobiose_and_xylotriose,,,-5.957,-7.138,0.6628571428571428,0.5244609320658473,0.5936590374614951,83.0
A0A7G1PUW3,Pestalotiopsis sp. AN 7,fungal,GH10,/home/ubuntu/xylanase/xylanase/models/swiss_model/outputs/A0A7G1PUW3_swissmodel.pdb,xylobiose_and_xylotriose,,,-5.49,-6.681,0.5415584415584417,0.4185022026431718,0.4800303221008067,126.0
A0A7M3UE38,Cladosporium tianshanense,fungal,GH10,/home/ubuntu/xylanase/xylanase/models/swiss_model/outputs/A0A7M3UE38_swissmodel.pdb,xylobiose_and_xylotriose,,,-5.706,-7.692,0.5976623376623378,0.6529098075585439,0.6252860726104408,75.0
A0A8D5NM93,Streptomyces thermogriseus,bacterial,GH10,/home/ubuntu/xylanase/xylanase/models/swiss_model/outputs/A0A8D5NM93_swissmodel.pdb,xylobiose_and_xylotriose,,,-5.965,-7.899,0.6649350649350649,0.7009042429863204,0.6829196539606927,59.0
A0A8D5NPL2,Streptomyces thermogriseus,bacterial,GH11,/home/ubuntu/xylanase/xylanase/models/swiss_model/outputs/A0A8D5NPL2_swissmodel.pdb,xylobiose_and_xylotriose,,,-4.738,-6.465,0.3462337662337664,0.3684210526315788,0.3573274094326726,139.0
A0A8E4VW23,Aspergillus sulphureus,fungal,GH10,/home/ubuntu/xylanase/xylanase/models/swiss_model/outputs/A0A8E4VW23_swissmodel.pdb,xylobiose_and_xylotriose,,,-6.366,-7.665,0.769090909090909,0.6466496638070948,0.7078702864490019,50.0
A0A8H8R2B4,Lachnellula hyalina,fungal,GH11,/home/ubuntu/xylanase/xylanase/models/swiss_model/outputs/A0A8H8R2B4_swissmodel.pdb,xylobiose_and_xylotriose,,,-6.52,-8.571,0.809090909090909,0.8567122652446092,0.8329015871677591,11.0
A0A8H8S0Y0,Lachnellula occidentalis,fungal,GH11,/home/ubuntu/xylanase/xylanase/models/swiss_model/outputs/A0A8H8S0Y0_swissmodel.pdb,xylobiose_and_xylotriose,,,-6.514,-8.733,0.8075324675324677,0.894273127753304,0.8509027976428858,8.0
A0A8T9BDL5,Lachnellula arida,fungal,GH11,/home/ubuntu/xylanase/xylanase/models/swiss_model/outputs/A0A8T9BDL5_swissmodel.pdb,xylobiose_and_xylotriose,,,-6.378,-8.709,0.7722077922077922,0.8887085555297936,0.8304581738687928,13.0
A0A8T9CAR3,Lachnellula suecica,fungal,GH11,/home/ubuntu/xylanase/xylanase/models/swiss_model/outputs/A0A8T9CAR3_swissmodel.pdb,xylobiose_and_xylotriose,,,-6.048,-7.998,0.6864935064935065,0.7238581034083005,0.7051758049509035,51.0
A0A9P5GH10,Penicillium crustosum (Blue mold fungus),fungal,GH10,/home/ubuntu/xylanase/xylanase/models/swiss_model/outputs/A0A9P5GH10_swissmodel.pdb,xylobiose_and_xylotriose,,,-6.584,-8.312,0.8257142857142856,0.7966612566658936,0.8111877711900897,18.0
A0AAV9NYM1,Saxophila tyrrhenica,fungal,GH11,/home/ubuntu/xylanase/xylanase/models/swiss_model/outputs/A0AAV9NYM1_swissmodel.pdb,xylobiose_and_xylotriose,,,-6.434,-8.933,0.7867532467532469,0.9406445629492232,0.8636989048512351,5.0
A0AAW8VCD8,Bacteroides cellulosilyticus,bacterial,GH10,/home/ubuntu/xylanase/xylanase/models/swiss_model/outputs/A0AAW8VCD8_swissmodel.pdb,xylobiose_and_xylotriose,,,-5.401,-7.342,0.5184415584415585,0.571759795965685,0.5451006772036218,99.0
A0ABM8UZ22,Thermobacillus xylanilyticus,bacterial,GH10,/home/ubuntu/xylanase/xylanase/models/swiss_model/outputs/A0ABM8UZ22_swissmodel.pdb,xylobiose_and_xylotriose,,,-5.981,-6.853,0.6690909090909091,0.4583816369116623,0.5637362730012857,90.0
A0ABM8V1H3,Thermobacillus xylanilyticus,bacterial,GH11,/home/ubuntu/xylanase/xylanase/models/swiss_model/outputs/A0ABM8V1H3_swissmodel.pdb,xylobiose_and_xylotriose,,,-4.994,-7.926,0.4127272727272727,0.7071643867377695,0.559945829732521,92.0
A0ABN7RUD1,Thermobacillus xylanilyticus,bacterial,GH11,/home/ubuntu/xylanase/xylanase/models/swiss_model/outputs/A0ABN7RUD1_swissmodel.pdb,xylobiose_and_xylotriose,,,-4.69,-6.623,0.3337662337662339,0.4050544864363552,0.3694103601012946,138.0
A0ABN7S7D7,Thermobacillus xylanilyticus,bacterial,GH10,/home/ubuntu/xylanase/xylanase/models/swiss_model/outputs/A0ABN7S7D7_swissmodel.pdb,xylobiose_and_xylotriose,,,-4.683,-7.602,0.3319480519480519,0.6320426617203803,0.4819953568342161,124.0
A0ABN7S882,Thermobacillus xylanilyticus,bacterial,GH10,/home/ubuntu/xylanase/xylanase/models/swiss_model/outputs/A0ABN7S882_swissmodel.pdb,xylobiose_and_xylotriose,,,-6.43,-8.293,0.7857142857142857,0.7922559703222812,0.7889851280182835,26.0
A0ABN7S928,Thermobacillus xylanilyticus,bacterial,GH10,/home/ubuntu/xylanase/xylanase/models/swiss_model/outputs/A0ABN7S928_swissmodel.pdb,xylobiose_and_xylotriose,,,-6.276,-8.268,0.7457142857142857,0.7864595409227917,0.7660869133185386,34.0
A5H0S3,Bacillus licheniformis,bacterial,GH11,/home/ubuntu/xylanase/xylanase/models/swiss_model/outputs/A5H0S3_swissmodel.pdb,xylobiose_and_xylotriose,,,-6.63,-6.604,0.8376623376623377,0.4006492000927428,0.6191557688775402,78.0
A7TVD4,Streptomyces fradiae (Streptomyces roseoflavus),bacterial,GH10,/home/ubuntu/xylanase/xylanase/models/swiss_model/outputs/A7TVD4_swissmodel.pdb,xylobiose_and_xylotriose,,,-6.012,-8.318,0.677142857142857,0.7980523997217712,0.7375976284323141,41.0
B1A3N2,Paenibacillus curdlanolyticus,bacterial,GH10,/home/ubuntu/xylanase/xylanase/models/swiss_model/outputs/B1A3N2_swissmodel.pdb,xylobiose_and_xylotriose,,,-5.918,-8.985,0.6527272727272728,0.9527011361001622,0.8027142044137174,20.0
B3PC74,Cellvibrio japonicus (strain Ueda107) (Pseudomonas fluorescens subsp. cellulosa),bacterial,GH10,/home/ubuntu/xylanase/xylanase/models/swiss_model/outputs/B3PC74_swissmodel.pdb,xylobiose_and_xylotriose,,,-6.164,-6.744,0.7166233766233766,0.4331092047298863,0.5748662906766314,88.0
B3PDA8,Cellvibrio japonicus (strain Ueda107) (Pseudomonas fluorescens subsp. cellulosa),bacterial,GH10,/home/ubuntu/xylanase/xylanase/models/swiss_model/outputs/B3PDA8_swissmodel.pdb,xylobiose_and_xylotriose,,,-5.605,-8.483,0.5714285714285716,0.8363088337584049,0.7038687025934882,52.0
B3PIN0,Cellvibrio japonicus (strain Ueda107) (Pseudomonas fluorescens subsp. cellulosa),bacterial,GH11,/home/ubuntu/xylanase/xylanase/models/swiss_model/outputs/B3PIN0_swissmodel.pdb,xylobiose_and_xylotriose,,,-6.314,-8.028,0.7555844155844156,0.7308138186876885,0.743199117136052,40.0
B5SYI8,Bacillus licheniformis,bacterial,GH11,/home/ubuntu/xylanase/xylanase/models/swiss_model/outputs/B5SYI8_swissmodel.pdb,xylobiose_and_xylotriose,,,-5.903,-7.504,0.6488311688311688,0.6093206584743797,0.6290759136527742,72.0
B9VSZ3,Demequina sp. JK4,bacterial,GH10,/home/ubuntu/xylanase/xylanase/models/swiss_model/outputs/B9VSZ3_swissmodel.pdb,xylobiose_and_xylotriose,,,-5.886,-8.837,0.6444155844155844,0.918386274055182,0.7814009292353832,27.0
D2KPJ0,Bacillus sp. JB99,bacterial,GH11,/home/ubuntu/xylanase/xylanase/models/swiss_model/outputs/D2KPJ0_swissmodel.pdb,xylobiose_and_xylotriose,,,-5.327,-7.522,0.4992207792207792,0.6134940876420125,0.5563574334313959,94.0
D3GKE3,Paenibacillus curdlanolyticus,bacterial,GH11,/home/ubuntu/xylanase/xylanase/models/swiss_model/outputs/D3GKE3_swissmodel.pdb,xylobiose_and_xylotriose,,,-6.275,-6.935,0.7454545454545456,0.4773939253419892,0.6114242353982674,79.0
D6CGY9,Bacteroides xylanisolvens,bacterial,GH10,/home/ubuntu/xylanase/xylanase/models/swiss_model/outputs/D6CGY9_swissmodel.pdb,xylobiose_and_xylotriose,,,-4.935,-6.357,0.3974025974025973,0.3433804776257825,0.3703915375141899,137.0
E0RXQ0,Butyrivibrio proteoclasticus (strain ATCC 51982 / DSM 14932 / B316) (Clostridium proteoclasticum),bacterial,GH10,/home/ubuntu/xylanase/xylanase/models/swiss_model/outputs/E0RXQ0_swissmodel.pdb,xylobiose_and_xylotriose,,,-6.087,-8.337,0.6966233766233766,0.8024576860653836,0.7495405313443801,38.0
E0RYH1,Butyrivibrio proteoclasticus (strain ATCC 51982 / DSM 14932 / B316) (Clostridium proteoclasticum),bacterial,GH10,/home/ubuntu/xylanase/xylanase/models/swiss_model/outputs/E0RYH1_swissmodel.pdb,xylobiose_and_xylotriose,,,-7.255,-7.629,1.0,0.6383028054718292,0.8191514027359146,16.0
E0S1S5,Butyrivibrio proteoclasticus (strain ATCC 51982 / DSM 14932 / B316) (Clostridium proteoclasticum),bacterial,GH10,/home/ubuntu/xylanase/xylanase/models/swiss_model/outputs/E0S1S5_swissmodel.pdb,xylobiose_and_xylotriose,,,-5.38,-6.952,0.512987012987013,0.4813354973336424,0.4971612551603277,116.0
E0S1Z8,Butyrivibrio proteoclasticus (strain ATCC 51982 / DSM 14932 / B316) (Clostridium proteoclasticum),bacterial,GH10,/home/ubuntu/xylanase/xylanase/models/swiss_model/outputs/E0S1Z8_swissmodel.pdb,xylobiose_and_xylotriose,,,-6.352,-8.094,0.7654545454545456,0.7461163923023416,0.7557854688784436,36.0
E0S2F5,Butyrivibrio proteoclasticus (strain ATCC 51982 / DSM 14932 / B316) (Clostridium proteoclasticum),bacterial,GH10,/home/ubuntu/xylanase/xylanase/models/swiss_model/outputs/E0S2F5_swissmodel.pdb,xylobiose_and_xylotriose,,,-5.892,-6.731,0.6459740259740261,0.4300950614421515,0.5380345437080888,103.0
E3WF08,Paenibacillus curdlanolyticus,bacterial,GH10,/home/ubuntu/xylanase/xylanase/models/swiss_model/outputs/E3WF08_swissmodel.pdb,xylobiose_and_xylotriose,,,-6.261,-8.566,0.7418181818181819,0.8555529793647115,0.7986855805914468,22.0
E9NSU0,Aspergillus usamii (Aspergillus shirousami),fungal,GH10,/home/ubuntu/xylanase/xylanase/models/swiss_model/outputs/E9NSU0_swissmodel.pdb,xylobiose_and_xylotriose,,,-5.666,-6.998,0.5872727272727274,0.4920009274287039,0.5396368273507157,102.0
E9S8N5,Ruminococcus albus 8,bacterial,GH11,/home/ubuntu/xylanase/xylanase/models/swiss_model/outputs/E9S8N5_swissmodel.pdb,xylobiose_and_xylotriose,,,-5.971,-8.062,0.6664935064935066,0.7386969626709945,0.7025952345822506,53.0
E9SA77,Ruminococcus albus 8,bacterial,GH11,/home/ubuntu/xylanase/xylanase/models/swiss_model/outputs/E9SA77_swissmodel.pdb,xylobiose_and_xylotriose,,,-6.052,-7.819,0.6875324675324674,0.6823556689079526,0.68494406822021,58.0
E9SDY0,Ruminococcus albus 8,bacterial,GH10,/home/ubuntu/xylanase/xylanase/models/swiss_model/outputs/E9SDY0_swissmodel.pdb,xylobiose_and_xylotriose,,,-5.448,-8.007,0.5306493506493508,0.7259448179921167,0.6282970843207338,73.0
F0BDW7,Xanthomonas vesicatoria ATCC 35937,bacterial,GH10,/home/ubuntu/xylanase/xylanase/models/swiss_model/outputs/F0BDW7_swissmodel.pdb,xylobiose_and_xylotriose,,,-4.984,-8.306,0.4101298701298702,0.795270113610016,0.602699991869943,81.0
F2Z9G6,Paenibacillus curdlanolyticus,bacterial,GH10,/home/ubuntu/xylanase/xylanase/models/swiss_model/outputs/F2Z9G6_swissmodel.pdb,xylobiose_and_xylotriose,,,-4.751,-6.262,0.3496103896103897,0.3213540459077207,0.3354822177590552,140.0
F6LP79,Ruminococcus albus 8,bacterial,GH10,/home/ubuntu/xylanase/xylanase/models/swiss_model/outputs/F6LP79_swissmodel.pdb,xylobiose_and_xylotriose,,,-6.319,-7.785,0.7568831168831169,0.6744725249246464,0.7156778209038817,47.0
F6LP81,Ruminococcus albus 8,bacterial,GH10,/home/ubuntu/xylanase/xylanase/models/swiss_model/outputs/F6LP81_swissmodel.pdb,xylobiose_and_xylotriose,,,-5.406,-7.128,0.5197402597402597,0.5221423603060514,0.5209413100231556,108.0
G0YP25,Aspergillus usamii (Aspergillus shirousami),fungal,GH11,/home/ubuntu/xylanase/xylanase/models/swiss_model/outputs/G0YP25_swissmodel.pdb,xylobiose_and_xylotriose,,,-6.093,-6.675,0.6981818181818182,0.4171110595872941,0.5576464388845561,93.0
G0YP27,Aspergillus usamii (Aspergillus shirousami),fungal,GH11,/home/ubuntu/xylanase/xylanase/models/swiss_model/outputs/G0YP27_swissmodel.pdb,xylobiose_and_xylotriose,,,-4.993,-7.312,0.4124675324675326,0.5648040806862973,0.4886358065769149,121.0
G0YP28,Aspergillus usamii (Aspergillus shirousami),fungal,GH11,/home/ubuntu/xylanase/xylanase/models/swiss_model/outputs/G0YP28_swissmodel.pdb,xylobiose_and_xylotriose,,,-5.821,-7.694,0.6275324675324675,0.6533735219105031,0.6404529947214853,70.0
G1E731,Bacillus sp. JB 99,bacterial,GH10,/home/ubuntu/xylanase/xylanase/models/swiss_model/outputs/G1E731_swissmodel.pdb,xylobiose_and_xylotriose,,,-5.266,-7.779,0.4833766233766234,0.6730813818687688,0.578229002622696,86.0
G9BY19,Penicillium sp. enrichment culture clone C1,fungal,GH10,/home/ubuntu/xylanase/xylanase/models/swiss_model/outputs/G9BY19_swissmodel.pdb,xylobiose_and_xylotriose,,,-5.926,-6.808,0.6548051948051948,0.4479480639925804,0.5513766293988877,97.0
G9DBG3,Talaromyces pinophilus (Penicillium pinophilum),fungal,GH11,/home/ubuntu/xylanase/xylanase/models/swiss_model/outputs/G9DBG3_swissmodel.pdb,xylobiose_and_xylotriose,,,-6.345,-7.764,0.7636363636363636,0.6696035242290749,0.7166199439327192,46.0
H6WWN7,Aspergillus oryzae (Yellow koji mold),fungal,GH11,/home/ubuntu/xylanase/xylanase/models/swiss_model/outputs/H6WWN7_swissmodel.pdb,xylobiose_and_xylotriose,,,-6.174,-8.497,0.7192207792207793,0.8395548342221191,0.7793878067214492,28.0
I3NRT9,Thermobifida halotolerans,bacterial,GH11,/home/ubuntu/xylanase/xylanase/models/swiss_model/outputs/I3NRT9_swissmodel.pdb,xylobiose_and_xylotriose,,,-6.153,-7.619,0.7137662337662337,0.6359842337120333,0.6748752337391335,62.0
I4DXK6,Paenibacillus curdlanolyticus,bacterial,GH10,/home/ubuntu/xylanase/xylanase/models/swiss_model/outputs/I4DXK6_swissmodel.pdb,xylobiose_and_xylotriose,,,-4.617,-6.204,0.3148051948051948,0.3079063297009041,0.3113557622530495,141.0
J7JXS8,Caldanaerobius polysaccharolyticus,bacterial,GH10,/home/ubuntu/xylanase/xylanase/models/swiss_model/outputs/J7JXS8_swissmodel.pdb,xylobiose_and_xylotriose,,,-5.798,-7.538,0.6215584415584416,0.6172038024576861,0.6193811220080638,77.0
Q0PRN5,Ruminiclostridium cellulolyticum (strain ATCC 35319 / DSM 5812 / JCM 6584 / H10) (Clostridium cellulolyticum),bacterial,GH10,/home/ubuntu/xylanase/xylanase/models/swiss_model/outputs/Q0PRN5_swissmodel.pdb,xylobiose_and_xylotriose,,,-5.793,-7.951,0.6202597402597403,0.7129608161372594,0.6666102781984998,66.0
Q21GI8,Saccharophagus degradans (strain 2-40 / ATCC 43961 / DSM 17024),bacterial,GH10,/home/ubuntu/xylanase/xylanase/models/swiss_model/outputs/Q21GI8_swissmodel.pdb,xylobiose_and_xylotriose,,,-6.181,-6.753,0.721038961038961,0.4351959193137027,0.5781174401763318,87.0
Q21HD6,Saccharophagus degradans (strain 2-40 / ATCC 43961 / DSM 17024),bacterial,GH10,/home/ubuntu/xylanase/xylanase/models/swiss_model/outputs/Q21HD6_swissmodel.pdb,xylobiose_and_xylotriose,,,-5.532,-6.602,0.5524675324675326,0.4001854857407837,0.4763265091041581,128.0
Q21MW6,Saccharophagus degradans (strain 2-40 / ATCC 43961 / DSM 17024),bacterial,GH11,/home/ubuntu/xylanase/xylanase/models/swiss_model/outputs/Q21MW6_swissmodel.pdb,xylobiose_and_xylotriose,,,-4.8,-7.574,0.3623376623376623,0.6255506607929515,0.4939441615653069,119.0
Q21NZ2,Saccharophagus degradans (strain 2-40 / ATCC 43961 / DSM 17024),bacterial,GH10,/home/ubuntu/xylanase/xylanase/models/swiss_model/outputs/Q21NZ2_swissmodel.pdb,xylobiose_and_xylotriose,,,-5.238,-7.314,0.4761038961038962,0.5652677950382564,0.5206858455710763,109.0
Q21PD4,Saccharophagus degradans (strain 2-40 / ATCC 43961 / DSM 17024),bacterial,GH10,/home/ubuntu/xylanase/xylanase/models/swiss_model/outputs/Q21PD4_swissmodel.pdb,xylobiose_and_xylotriose,,,-5.582,-7.097,0.5654545454545454,0.514954787850684,0.5402046666526148,101.0
Q288H9,Flavobacterium sp. MSY2,bacterial,GH10,/home/ubuntu/xylanase/xylanase/models/swiss_model/outputs/Q288H9_swissmodel.pdb,xylobiose_and_xylotriose,,,-5.88,-8.255,0.6428571428571429,0.7834453976350569,0.7131512702460999,48.0
Q45UD8,Aspergillus usamii (Aspergillus shirousami),fungal,GH11,/home/ubuntu/xylanase/xylanase/models/swiss_model/outputs/Q45UD8_swissmodel.pdb,xylobiose_and_xylotriose,,,-6.023,-8.3,0.6799999999999999,0.7938789705541388,0.7369394852770694,42.0
Q546Y2,Halalkalibacterium halodurans (Bacillus halodurans),bacterial,GH10,/home/ubuntu/xylanase/xylanase/models/swiss_model/outputs/Q546Y2_swissmodel.pdb,xylobiose_and_xylotriose,,,-5.567,-7.013,0.5615584415584416,0.4954787850683978,0.5285186133134196,105.0
Q5YB84,Neocallimastix frontalis (Rumen fungus),fungal,GH11,/home/ubuntu/xylanase/xylanase/models/swiss_model/outputs/Q5YB84_swissmodel.pdb,xylobiose_and_xylotriose,,,-5.941,-8.298,0.6587012987012987,0.7934152562021795,0.726058277451739,43.0
Q6GVM9,Ruminococcus albus,bacterial,GH11,/home/ubuntu/xylanase/xylanase/models/swiss_model/outputs/Q6GVM9_swissmodel.pdb,xylobiose_and_xylotriose,,,-6.246,-8.117,0.7379220779220781,0.7514491073498727,0.7446855926359754,39.0
Q6UN40,Thermochaetoides thermophila,fungal,GH11,/home/ubuntu/xylanase/xylanase/models/swiss_model/outputs/Q6UN40_swissmodel.pdb,xylobiose_and_xylotriose,,,-6.179,-8.709,0.7205194805194807,0.8887085555297936,0.8046140180246371,19.0
Q79MJ7,Halalkalibacterium halodurans (Bacillus halodurans),bacterial,GH11,/home/ubuntu/xylanase/xylanase/models/swiss_model/outputs/Q79MJ7_swissmodel.pdb,xylobiose_and_xylotriose,,,-6.522,-7.514,0.8096103896103897,0.6116392302341758,0.7106248099222827,49.0
Q7RW51,Neurospora crassa (strain ATCC 24698 / 74-OR23-1A / CBS 708.71 / DSM 1257 / FGSC 987),fungal,GH10,/home/ubuntu/xylanase/xylanase/models/swiss_model/outputs/Q7RW51_swissmodel.pdb,xylobiose_and_xylotriose,,,-5.8,-7.268,0.6220779220779221,0.5546023649431949,0.5883401435105585,84.0
Q7S0Y0,Neurospora crassa (strain ATCC 24698 / 74-OR23-1A / CBS 708.71 / DSM 1257 / FGSC 987),fungal,GH10,/home/ubuntu/xylanase/xylanase/models/swiss_model/outputs/Q7S0Y0_swissmodel.pdb,xylobiose_and_xylotriose,,,-5.929,-7.614,0.6555844155844157,0.6348249478321354,0.6452046817082755,67.0
Q7S3P8,Neurospora crassa (strain ATCC 24698 / 74-OR23-1A / CBS 708.71 / DSM 1257 / FGSC 987),fungal,GH10,/home/ubuntu/xylanase/xylanase/models/swiss_model/outputs/Q7S3P8_swissmodel.pdb,xylobiose_and_xylotriose,,,-5.344,-6.853,0.5036363636363638,0.4583816369116623,0.481009000274013,125.0
Q7S6C2,Neurospora crassa (strain ATCC 24698 / 74-OR23-1A / CBS 708.71 / DSM 1257 / FGSC 987),fungal,GH10,/home/ubuntu/xylanase/xylanase/models/swiss_model/outputs/Q7S6C2_swissmodel.pdb,xylobiose_and_xylotriose,,,-5.359,-6.979,0.5075324675324676,0.4875956410850915,0.4975640543087796,115.0
Q7SDQ1,Neurospora crassa (strain ATCC 24698 / 74-OR23-1A / CBS 708.71 / DSM 1257 / FGSC 987),fungal,GH11,/home/ubuntu/xylanase/xylanase/models/swiss_model/outputs/Q7SDQ1_swissmodel.pdb,xylobiose_and_xylotriose,,,-6.058,-7.908,0.6890909090909091,0.7029909575701369,0.696040933330523,57.0
Q7Z8B8,Neocallimastix frontalis (Rumen fungus),fungal,GH11,/home/ubuntu/xylanase/xylanase/models/swiss_model/outputs/Q7Z8B8_swissmodel.pdb,xylobiose_and_xylotriose,,,-6.051,-8.168,0.6872727272727274,0.7632738233248317,0.7252732752987796,44.0
Q8GMV6,Thermopolyspora flexuosa,bacterial,GH10,/home/ubuntu/xylanase/xylanase/models/swiss_model/outputs/Q8GMV6_swissmodel.pdb,xylobiose_and_xylotriose,,,-5.535,-7.252,0.5532467532467533,0.5508926501275213,0.5520697016871373,96.0
Q8J1V4,Thermochaetoides thermophila,fungal,GH11,/home/ubuntu/xylanase/xylanase/models/swiss_model/outputs/Q8J1V4_swissmodel.pdb,xylobiose_and_xylotriose,,,-6.744,-7.812,0.8672727272727272,0.6807326686760956,0.7740026979744115,31.0
Q8J1V5,Thermochaetoides thermophila,fungal,GH11,/home/ubuntu/xylanase/xylanase/models/swiss_model/outputs/Q8J1V5_swissmodel.pdb,xylobiose_and_xylotriose,,,-6.58,-8.613,0.8246753246753247,0.8664502666357522,0.8455627956555385,9.0
Q9HDL7,Cochliobolus heterostrophus (Southern corn leaf blight fungus) (Bipolaris maydis),fungal,GH11,/home/ubuntu/xylanase/xylanase/models/swiss_model/outputs/Q9HDL7_swissmodel.pdb,xylobiose_and_xylotriose,,,-5.008,-7.208,0.4163636363636364,0.5406909343844192,0.4785272853740278,127.0
Q9HEN3,Curvularia spicifera,fungal,GH11,/home/ubuntu/xylanase/xylanase/models/swiss_model/outputs/Q9HEN3_swissmodel.pdb,xylobiose_and_xylotriose,,,-5.24,-6.666,0.4766233766233767,0.4150243450034779,0.4458238608134273,132.0
Q9HEN4,Curvularia spicifera,fungal,GH11,/home/ubuntu/xylanase/xylanase/models/swiss_model/outputs/Q9HEN4_swissmodel.pdb,xylobiose_and_xylotriose,,,-4.974,-6.533,0.4075324675324676,0.3841873405981915,0.3958599040653295,136.0
Q9HEN5,Cochliobolus sativus (Common root rot and spot blotch fungus) (Bipolaris sorokiniana),fungal,GH11,/home/ubuntu/xylanase/xylanase/models/swiss_model/outputs/Q9HEN5_swissmodel.pdb,xylobiose_and_xylotriose,,,-5.005,-6.921,0.4155844155844156,0.474147924878275,0.4448661702313453,133.0
Q9HEN6,Cochliobolus sativus (Common root rot and spot blotch fungus) (Bipolaris sorokiniana),fungal,GH11,/home/ubuntu/xylanase/xylanase/models/swiss_model/outputs/Q9HEN6_swissmodel.pdb,xylobiose_and_xylotriose,,,-4.842,-7.183,0.3732467532467532,0.5348945049849292,0.4540706291158412,131.0
Q9HEN7,Cochliobolus heterostrophus (Southern corn leaf blight fungus) (Bipolaris maydis),fungal,GH11,/home/ubuntu/xylanase/xylanase/models/swiss_model/outputs/Q9HEN7_swissmodel.pdb,xylobiose_and_xylotriose,,,-5.241,-6.98,0.4768831168831168,0.4878274982610712,0.482355307572094,123.0
Q9HEP2,Bipolaris sorghicola,fungal,GH11,/home/ubuntu/xylanase/xylanase/models/swiss_model/outputs/Q9HEP2_swissmodel.pdb,xylobiose_and_xylotriose,,,-5.014,-6.759,0.417922077922078,0.4365870623695804,0.4272545701458292,135.0
Q9HEP3,Bipolaris sorghicola,fungal,GH11,/home/ubuntu/xylanase/xylanase/models/swiss_model/outputs/Q9HEP3_swissmodel.pdb,xylobiose_and_xylotriose,,,-4.73,-7.194,0.3441558441558443,0.5374449339207048,0.4408003890382745,134.0
Q9RQB7,Xylanimonas pachnodae,bacterial,GH10,/home/ubuntu/xylanase/xylanase/models/swiss_model/outputs/Q9RQB7_swissmodel.pdb,xylobiose_and_xylotriose,,,-5.37,-8.193,0.5103896103896105,0.7690702527243217,0.6397299315569661,71.0
Q9RQB8,Xylanimonas pachnodae,bacterial,GH11,/home/ubuntu/xylanase/xylanase/models/swiss_model/outputs/Q9RQB8_swissmodel.pdb,xylobiose_and_xylotriose,,,-5.88,-7.501,0.6428571428571429,0.608625086946441,0.625741114901792,74.0
S4S3F1,Phialophora sp. P13,fungal,GH11,/home/ubuntu/xylanase/xylanase/models/swiss_model/outputs/S4S3F1_swissmodel.pdb,xylobiose_and_xylotriose,,,-5.924,-7.606,0.6542857142857145,0.6329700904242985,0.6436279023550064,69.0
U5HTS3,Ophiostoma piliferum (Ceratocystis pilifera),fungal,GH11,/home/ubuntu/xylanase/xylanase/models/swiss_model/outputs/U5HTS3_swissmodel.pdb,xylobiose_and_xylotriose,,,-7.0,-8.241,0.9337662337662338,0.7801993971713423,0.8569828154687881,6.0
U5HU68,Coprinopsis cinerea (Inky cap fungus) (Hormographiella aspergillata),fungal,GH11,/home/ubuntu/xylanase/xylanase/models/swiss_model/outputs/U5HU68_swissmodel.pdb,xylobiose_and_xylotriose,,,-6.532,-7.876,0.8122077922077923,0.6955715279387897,0.753889660073291,37.0
V5R355,Aspergillus fumigatus (Neosartorya fumigata),fungal,GH11,/home/ubuntu/xylanase/xylanase/models/swiss_model/outputs/V5R355_swissmodel.pdb,xylobiose_and_xylotriose,,,-6.251,-8.508,0.7392207792207793,0.8421052631578945,0.7906630211893368,25.0
V9NCQ7,Bacillus sp. SN5,bacterial,GH11,/home/ubuntu/xylanase/xylanase/models/swiss_model/outputs/V9NCQ7_swissmodel.pdb,xylobiose_and_xylotriose,,,-6.093,-7.706,0.6981818181818182,0.6561558080222584,0.6771688131020384,61.0
W5VXL4,Neurospora sitophila (Chrysonilia sitophila),fungal,GH11,/home/ubuntu/xylanase/xylanase/models/swiss_model/outputs/W5VXL4_swissmodel.pdb,xylobiose_and_xylotriose,,,-5.601,-6.603,0.5703896103896104,0.4004173429167632,0.4854034766531868,122.0
A0A0K8J318,Herbinix luporum,bacterial,GH11,/home/ubuntu/xylanase/xylanase/models/swiss_model/outputs/A0A0K8J318_swissmodel.pdb,xylobiose_and_xylotriose,,,-5.469,-6.613,0.5361038961038962,0.4027359146765593,0.4694199053902277,130.0
A0A6M5Z4H3,Frigoriglobus tundricola,bacterial,GH10,/home/ubuntu/xylanase/xylanase/models/swiss_model/outputs/A0A6M5Z4H3_swissmodel.pdb,xylobiose_and_xylotriose,,,-5.78,-6.589,0.616883116883117,0.3971713424530489,0.507027229668083,114.0
A0A7U4XSS7,Clostridium sporogenes,bacterial,GH11,/home/ubuntu/xylanase/xylanase/models/swiss_model/outputs/A0A7U4XSS7_swissmodel.pdb,xylobiose_and_xylotriose,,,-4.7,-5.851,0.3363636363636365,0.2260607465801065,0.2812121914718715,143.0
F0BDW4,Xanthomonas vesicatoria ATCC 35937,bacterial,GH10,/home/ubuntu/xylanase/xylanase/models/swiss_model/outputs/F0BDW4_swissmodel.pdb,xylobiose_and_xylotriose,,,-3.872,-5.115,0.1212987012987013,0.0554138650591235,0.0883562831789124,144.0
K9TUC6,Chroococcidiopsis thermalis (strain PCC 7203),bacterial,GH10,/home/ubuntu/xylanase/xylanase/models/swiss_model/outputs/K9TUC6_swissmodel.pdb,xylobiose_and_xylotriose,,,-3.405,-4.876,0.0,0.0,0.0,145.0
