uniprot_accession,organism_type,gh_family,structure_available,best_model_path,best_model_source,best_model_extension,n_structure_candidates,all_structure_hits,usable_for_structure_features,usable_for_docking,usable_for_md
Q8GMV7,bacterial,GH11,False,,,,0,,False,False,False
Q6V8M0,bacterial,GH10,False,,,,0,,False,False,False
Q8GJ44,bacterial,GH11,False,,,,0,,False,False,False
Q8J1V6,fungal,GH11,False,,,,0,,False,False,False
A0A2L1GH36,bacterial,GH11,True,models/swiss_model/outputs/A0A2L1GH36_swissmodel.pdb,swiss_model,.pdb,2,models/swiss_model/outputs/A0A2L1GH36_swissmodel.pdb | results/docking/cleaned_receptors/A0A2L1GH36_swissmodel.pdb,True,True,True
A0A8H8R2B4,fungal,GH11,True,models/swiss_model/outputs/A0A8H8R2B4_swissmodel.pdb,swiss_model,.pdb,2,models/swiss_model/outputs/A0A8H8R2B4_swissmodel.pdb | results/docking/cleaned_receptors/A0A8H8R2B4_swissmodel.pdb,True,True,True
V5R355,fungal,GH11,True,models/swiss_model/outputs/V5R355_swissmodel.pdb,swiss_model,.pdb,2,models/swiss_model/outputs/V5R355_swissmodel.pdb | results/docking/cleaned_receptors/V5R355_swissmodel.pdb,True,True,True
Q1K5S8,fungal,GH11,True,models/swiss_model/outputs/Q1K5S8_swissmodel.pdb,swiss_model,.pdb,2,models/swiss_model/outputs/Q1K5S8_swissmodel.pdb | results/docking/cleaned_receptors/Q1K5S8_swissmodel.pdb,True,True,True
A0A291B2S7,fungal,GH11,True,models/swiss_model/outputs/A0A291B2S7_swissmodel.pdb,swiss_model,.pdb,2,models/swiss_model/outputs/A0A291B2S7_swissmodel.pdb | results/docking/cleaned_receptors/A0A291B2S7_swissmodel.pdb,True,True,True
A0A0U2V335,bacterial,GH10,True,models/swiss_model/outputs/A0A0U2V335_swissmodel.pdb,swiss_model,.pdb,2,models/swiss_model/outputs/A0A0U2V335_swissmodel.pdb | results/docking/cleaned_receptors/A0A0U2V335_swissmodel.pdb,True,True,True
A0A8T9BDL5,fungal,GH11,True,models/swiss_model/outputs/A0A8T9BDL5_swissmodel.pdb,swiss_model,.pdb,2,models/swiss_model/outputs/A0A8T9BDL5_swissmodel.pdb | results/docking/cleaned_receptors/A0A8T9BDL5_swissmodel.pdb,True,True,True
H6WWN7,fungal,GH11,True,models/swiss_model/outputs/H6WWN7_swissmodel.pdb,swiss_model,.pdb,2,models/swiss_model/outputs/H6WWN7_swissmodel.pdb | results/docking/cleaned_receptors/H6WWN7_swissmodel.pdb,True,True,True
A0AAV9NYM1,fungal,GH11,True,models/swiss_model/outputs/A0AAV9NYM1_swissmodel.pdb,swiss_model,.pdb,2,models/swiss_model/outputs/A0AAV9NYM1_swissmodel.pdb | results/docking/cleaned_receptors/A0AAV9NYM1_swissmodel.pdb,True,True,True
A0A8H8S0Y0,fungal,GH11,True,models/swiss_model/outputs/A0A8H8S0Y0_swissmodel.pdb,swiss_model,.pdb,2,models/swiss_model/outputs/A0A8H8S0Y0_swissmodel.pdb | results/docking/cleaned_receptors/A0A8H8S0Y0_swissmodel.pdb,True,True,True
A0A411KZA6,bacterial,GH10,True,models/swiss_model/outputs/A0A411KZA6_swissmodel.pdb,swiss_model,.pdb,2,models/swiss_model/outputs/A0A411KZA6_swissmodel.pdb | results/docking/cleaned_receptors/A0A411KZA6_swissmodel.pdb,True,True,True
A0A0F9XA32,fungal,GH11,True,models/swiss_model/outputs/A0A0F9XA32_swissmodel.pdb,swiss_model,.pdb,2,models/swiss_model/outputs/A0A0F9XA32_swissmodel.pdb | results/docking/cleaned_receptors/A0A0F9XA32_swissmodel.pdb,True,True,True
A0A291NUI0,bacterial,GH11,True,models/swiss_model/outputs/A0A291NUI0_swissmodel.pdb,swiss_model,.pdb,2,models/swiss_model/outputs/A0A291NUI0_swissmodel.pdb | results/docking/cleaned_receptors/A0A291NUI0_swissmodel.pdb,True,True,True
I3NRT9,bacterial,GH11,True,models/swiss_model/outputs/I3NRT9_swissmodel.pdb,swiss_model,.pdb,2,models/swiss_model/outputs/I3NRT9_swissmodel.pdb | results/docking/cleaned_receptors/I3NRT9_swissmodel.pdb,True,True,True
Q79MJ7,bacterial,GH11,True,models/swiss_model/outputs/Q79MJ7_swissmodel.pdb,swiss_model,.pdb,2,models/swiss_model/outputs/Q79MJ7_swissmodel.pdb | results/docking/cleaned_receptors/Q79MJ7_swissmodel.pdb,True,True,True
A0A0S3G5Y8,bacterial,GH11,True,models/swiss_model/outputs/A0A0S3G5Y8_swissmodel.pdb,swiss_model,.pdb,2,models/swiss_model/outputs/A0A0S3G5Y8_swissmodel.pdb | results/docking/cleaned_receptors/A0A0S3G5Y8_swissmodel.pdb,True,True,True
Q2LMP0,fungal,GH11,True,models/swiss_model/outputs/Q2LMP0_swissmodel.pdb,swiss_model,.pdb,2,models/swiss_model/outputs/Q2LMP0_swissmodel.pdb | results/docking/cleaned_receptors/Q2LMP0_swissmodel.pdb,True,True,True
A0A6M5Z4H3,bacterial,GH10,True,models/swiss_model/outputs/A0A6M5Z4H3_swissmodel.pdb,swiss_model,.pdb,2,models/swiss_model/outputs/A0A6M5Z4H3_swissmodel.pdb | results/docking/cleaned_receptors/A0A6M5Z4H3_swissmodel.pdb,True,True,True
B3VSG7,fungal,GH11,True,models/swiss_model/outputs/B3VSG7_swissmodel.pdb,swiss_model,.pdb,2,models/swiss_model/outputs/B3VSG7_swissmodel.pdb | results/docking/cleaned_receptors/B3VSG7_swissmodel.pdb,True,True,True
Q6UN40,fungal,GH11,True,models/swiss_model/outputs/Q6UN40_swissmodel.pdb,swiss_model,.pdb,2,models/swiss_model/outputs/Q6UN40_swissmodel.pdb | results/docking/cleaned_receptors/Q6UN40_swissmodel.pdb,True,True,True
A0A0B5JC15,fungal,GH11,True,models/swiss_model/outputs/A0A0B5JC15_swissmodel.pdb,swiss_model,.pdb,2,models/swiss_model/outputs/A0A0B5JC15_swissmodel.pdb | results/docking/cleaned_receptors/A0A0B5JC15_swissmodel.pdb,True,True,True
U5HU68,fungal,GH11,True,models/swiss_model/outputs/U5HU68_swissmodel.pdb,swiss_model,.pdb,2,models/swiss_model/outputs/U5HU68_swissmodel.pdb | results/docking/cleaned_receptors/U5HU68_swissmodel.pdb,True,True,True
Q8J1V4,fungal,GH11,True,models/swiss_model/outputs/Q8J1V4_swissmodel.pdb,swiss_model,.pdb,2,models/swiss_model/outputs/Q8J1V4_swissmodel.pdb | results/docking/cleaned_receptors/Q8J1V4_swissmodel.pdb,True,True,True
A0A4D6DK93,bacterial,GH10,True,models/swiss_model/outputs/A0A4D6DK93_swissmodel.pdb,swiss_model,.pdb,2,models/swiss_model/outputs/A0A4D6DK93_swissmodel.pdb | results/docking/cleaned_receptors/A0A4D6DK93_swissmodel.pdb,True,True,True
Q9RQB7,bacterial,GH10,True,models/swiss_model/outputs/Q9RQB7_swissmodel.pdb,swiss_model,.pdb,2,models/swiss_model/outputs/Q9RQB7_swissmodel.pdb | results/docking/cleaned_receptors/Q9RQB7_swissmodel.pdb,True,True,True
W5VXL4,fungal,GH11,True,models/swiss_model/outputs/W5VXL4_swissmodel.pdb,swiss_model,.pdb,2,models/swiss_model/outputs/W5VXL4_swissmodel.pdb | results/docking/cleaned_receptors/W5VXL4_swissmodel.pdb,True,True,True
U5HTS3,fungal,GH11,True,models/swiss_model/outputs/U5HTS3_swissmodel.pdb,swiss_model,.pdb,2,models/swiss_model/outputs/U5HTS3_swissmodel.pdb | results/docking/cleaned_receptors/U5HTS3_swissmodel.pdb,True,True,True
Q9RQB8,bacterial,GH11,True,models/swiss_model/outputs/Q9RQB8_swissmodel.pdb,swiss_model,.pdb,2,models/swiss_model/outputs/Q9RQB8_swissmodel.pdb | results/docking/cleaned_receptors/Q9RQB8_swissmodel.pdb,True,True,True
A0ABM8V1H3,bacterial,GH11,True,models/swiss_model/outputs/A0ABM8V1H3_swissmodel.pdb,swiss_model,.pdb,2,models/swiss_model/outputs/A0ABM8V1H3_swissmodel.pdb | results/docking/cleaned_receptors/A0ABM8V1H3_swissmodel.pdb,True,True,True
B1A3N2,bacterial,GH10,True,models/swiss_model/outputs/B1A3N2_swissmodel.pdb,swiss_model,.pdb,2,models/swiss_model/outputs/B1A3N2_swissmodel.pdb | results/docking/cleaned_receptors/B1A3N2_swissmodel.pdb,True,True,True
Q96UV7,fungal,GH11,True,models/swiss_model/outputs/Q96UV7_swissmodel.pdb,swiss_model,.pdb,2,models/swiss_model/outputs/Q96UV7_swissmodel.pdb | results/docking/cleaned_receptors/Q96UV7_swissmodel.pdb,True,True,True
A0ABN7S928,bacterial,GH10,True,models/swiss_model/outputs/A0ABN7S928_swissmodel.pdb,swiss_model,.pdb,2,models/swiss_model/outputs/A0ABN7S928_swissmodel.pdb | results/docking/cleaned_receptors/A0ABN7S928_swissmodel.pdb,True,True,True
Q8J1V5,fungal,GH11,True,models/swiss_model/outputs/Q8J1V5_swissmodel.pdb,swiss_model,.pdb,2,models/swiss_model/outputs/Q8J1V5_swissmodel.pdb | results/docking/cleaned_receptors/Q8J1V5_swissmodel.pdb,True,True,True
G9DBG3,fungal,GH11,True,models/swiss_model/outputs/G9DBG3_swissmodel.pdb,swiss_model,.pdb,2,models/swiss_model/outputs/G9DBG3_swissmodel.pdb | results/docking/cleaned_receptors/G9DBG3_swissmodel.pdb,True,True,True
D2KPJ0,bacterial,GH11,True,models/swiss_model/outputs/D2KPJ0_swissmodel.pdb,swiss_model,.pdb,2,models/swiss_model/outputs/D2KPJ0_swissmodel.pdb | results/docking/cleaned_receptors/D2KPJ0_swissmodel.pdb,True,True,True
P14768,bacterial,GH10,False,,,,0,,False,False,False
V9TS54,fungal,GH11,True,models/swiss_model/outputs/V9TS54_swissmodel.pdb,swiss_model,.pdb,2,models/swiss_model/outputs/V9TS54_swissmodel.pdb | results/docking/cleaned_receptors/V9TS54_swissmodel.pdb,True,True,True
B3PIN1,bacterial,GH11,True,models/swiss_model/outputs/B3PIN1_swissmodel.pdb,swiss_model,.pdb,2,models/swiss_model/outputs/B3PIN1_swissmodel.pdb | results/docking/cleaned_receptors/B3PIN1_swissmodel.pdb,True,True,True
Q59674,bacterial,GH11,True,models/swiss_model/outputs/Q59674_swissmodel.pdb,swiss_model,.pdb,2,models/swiss_model/outputs/Q59674_swissmodel.pdb | results/docking/cleaned_receptors/Q59674_swissmodel.pdb,True,True,True
A0A2D0WJC8,fungal,GH11,True,models/swiss_model/outputs/A0A2D0WJC8_swissmodel.pdb,swiss_model,.pdb,2,models/swiss_model/outputs/A0A2D0WJC8_swissmodel.pdb | results/docking/cleaned_receptors/A0A2D0WJC8_swissmodel.pdb,True,True,True
V9TXH2,bacterial,GH11,True,models/swiss_model/outputs/V9TXH2_swissmodel.pdb,swiss_model,.pdb,2,models/swiss_model/outputs/V9TXH2_swissmodel.pdb | results/docking/cleaned_receptors/V9TXH2_swissmodel.pdb,True,True,True
Q45UD8,fungal,GH11,True,models/swiss_model/outputs/Q45UD8_swissmodel.pdb,swiss_model,.pdb,2,models/swiss_model/outputs/Q45UD8_swissmodel.pdb | results/docking/cleaned_receptors/Q45UD8_swissmodel.pdb,True,True,True
A0A024FSH9,fungal,GH10,True,models/swiss_model/outputs/A0A024FSH9_swissmodel.pdb,swiss_model,.pdb,3,models/swiss_model/outputs/A0A024FSH9_swissmodel.pdb | results/docking/cleaned_receptors/A0A024FSH9_swissmodel.pdb | results/md/mutant_models/wt_inputs/A0A024FSH9.pdb,True,True,True
S4S3F1,fungal,GH11,True,models/swiss_model/outputs/S4S3F1_swissmodel.pdb,swiss_model,.pdb,2,models/swiss_model/outputs/S4S3F1_swissmodel.pdb | results/docking/cleaned_receptors/S4S3F1_swissmodel.pdb,True,True,True
A0A286N5W6,bacterial,GH10,True,models/swiss_model/outputs/A0A286N5W6_swissmodel.pdb,swiss_model,.pdb,2,models/swiss_model/outputs/A0A286N5W6_swissmodel.pdb | results/docking/cleaned_receptors/A0A286N5W6_swissmodel.pdb,True,True,True
A0A291B2W8,fungal,GH11,True,models/swiss_model/outputs/A0A291B2W8_swissmodel.pdb,swiss_model,.pdb,2,models/swiss_model/outputs/A0A291B2W8_swissmodel.pdb | results/docking/cleaned_receptors/A0A291B2W8_swissmodel.pdb,True,True,True
B3PIN0,bacterial,GH11,True,models/swiss_model/outputs/B3PIN0_swissmodel.pdb,swiss_model,.pdb,2,models/swiss_model/outputs/B3PIN0_swissmodel.pdb | results/docking/cleaned_receptors/B3PIN0_swissmodel.pdb,True,True,True
Q21G61,bacterial,GH11,True,models/swiss_model/outputs/Q21G61_swissmodel.pdb,swiss_model,.pdb,2,models/swiss_model/outputs/Q21G61_swissmodel.pdb | results/docking/cleaned_receptors/Q21G61_swissmodel.pdb,True,True,True
E0S1S5,bacterial,GH10,True,models/swiss_model/outputs/E0S1S5_swissmodel.pdb,swiss_model,.pdb,2,models/swiss_model/outputs/E0S1S5_swissmodel.pdb | results/docking/cleaned_receptors/E0S1S5_swissmodel.pdb,True,True,True
A0ABM8UZ22,bacterial,GH10,True,models/swiss_model/outputs/A0ABM8UZ22_swissmodel.pdb,swiss_model,.pdb,2,models/swiss_model/outputs/A0ABM8UZ22_swissmodel.pdb | results/docking/cleaned_receptors/A0ABM8UZ22_swissmodel.pdb,True,True,True
J7JXS8,bacterial,GH10,True,models/swiss_model/outputs/J7JXS8_swissmodel.pdb,swiss_model,.pdb,2,models/swiss_model/outputs/J7JXS8_swissmodel.pdb | results/docking/cleaned_receptors/J7JXS8_swissmodel.pdb,True,True,True
Q7SDQ1,fungal,GH11,True,models/swiss_model/outputs/Q7SDQ1_swissmodel.pdb,swiss_model,.pdb,2,models/swiss_model/outputs/Q7SDQ1_swissmodel.pdb | results/docking/cleaned_receptors/Q7SDQ1_swissmodel.pdb,True,True,True
B9VSZ3,bacterial,GH10,True,models/swiss_model/outputs/B9VSZ3_swissmodel.pdb,swiss_model,.pdb,2,models/swiss_model/outputs/B9VSZ3_swissmodel.pdb | results/docking/cleaned_receptors/B9VSZ3_swissmodel.pdb,True,True,True
A0A2L1GIZ3,fungal,GH11,True,models/swiss_model/outputs/A0A2L1GIZ3_swissmodel.pdb,swiss_model,.pdb,2,models/swiss_model/outputs/A0A2L1GIZ3_swissmodel.pdb | results/docking/cleaned_receptors/A0A2L1GIZ3_swissmodel.pdb,True,True,True
A0A8D5NPL2,bacterial,GH11,True,models/swiss_model/outputs/A0A8D5NPL2_swissmodel.pdb,swiss_model,.pdb,2,models/swiss_model/outputs/A0A8D5NPL2_swissmodel.pdb | results/docking/cleaned_receptors/A0A8D5NPL2_swissmodel.pdb,True,True,True
D3GKE3,bacterial,GH11,True,models/swiss_model/outputs/D3GKE3_swissmodel.pdb,swiss_model,.pdb,2,models/swiss_model/outputs/D3GKE3_swissmodel.pdb | results/docking/cleaned_receptors/D3GKE3_swissmodel.pdb,True,True,True
A0A0K3A9X5,bacterial,GH10,True,models/swiss_model/outputs/A0A0K3A9X5_swissmodel.pdb,swiss_model,.pdb,2,models/swiss_model/outputs/A0A0K3A9X5_swissmodel.pdb | results/docking/cleaned_receptors/A0A0K3A9X5_swissmodel.pdb,True,True,True
Q6GVM9,bacterial,GH11,True,models/swiss_model/outputs/Q6GVM9_swissmodel.pdb,swiss_model,.pdb,2,models/swiss_model/outputs/Q6GVM9_swissmodel.pdb | results/docking/cleaned_receptors/Q6GVM9_swissmodel.pdb,True,True,True
G0YP27,fungal,GH11,True,models/swiss_model/outputs/G0YP27_swissmodel.pdb,swiss_model,.pdb,2,models/swiss_model/outputs/G0YP27_swissmodel.pdb | results/docking/cleaned_receptors/G0YP27_swissmodel.pdb,True,True,True
E9S8N5,bacterial,GH11,True,models/swiss_model/outputs/E9S8N5_swissmodel.pdb,swiss_model,.pdb,2,models/swiss_model/outputs/E9S8N5_swissmodel.pdb | results/docking/cleaned_receptors/E9S8N5_swissmodel.pdb,True,True,True
J7FK35,fungal,GH10,True,models/swiss_model/outputs/J7FK35_swissmodel.pdb,swiss_model,.pdb,2,models/swiss_model/outputs/J7FK35_swissmodel.pdb | results/docking/cleaned_receptors/J7FK35_swissmodel.pdb,True,True,True
A0A0K3A1E7,bacterial,GH10,True,models/swiss_model/outputs/A0A0K3A1E7_swissmodel.pdb,swiss_model,.pdb,2,models/swiss_model/outputs/A0A0K3A1E7_swissmodel.pdb | results/docking/cleaned_receptors/A0A0K3A1E7_swissmodel.pdb,True,True,True
G0YP25,fungal,GH11,True,models/swiss_model/outputs/G0YP25_swissmodel.pdb,swiss_model,.pdb,2,models/swiss_model/outputs/G0YP25_swissmodel.pdb | results/docking/cleaned_receptors/G0YP25_swissmodel.pdb,True,True,True
Q8VP72,bacterial,GH11,True,models/swiss_model/outputs/Q8VP72_swissmodel.pdb,swiss_model,.pdb,2,models/swiss_model/outputs/Q8VP72_swissmodel.pdb | results/docking/cleaned_receptors/Q8VP72_swissmodel.pdb,True,True,True
P23030,bacterial,GH10,True,models/swiss_model/outputs/P23030_swissmodel.pdb,swiss_model,.pdb,2,models/swiss_model/outputs/P23030_swissmodel.pdb | results/docking/cleaned_receptors/P23030_swissmodel.pdb,True,True,True
Q9HEN7,fungal,GH11,True,models/swiss_model/outputs/Q9HEN7_swissmodel.pdb,swiss_model,.pdb,2,models/swiss_model/outputs/Q9HEN7_swissmodel.pdb | results/docking/cleaned_receptors/Q9HEN7_swissmodel.pdb,True,True,True
A0A5P6VQ80,bacterial,GH10,True,models/swiss_model/outputs/A0A5P6VQ80_swissmodel.pdb,swiss_model,.pdb,2,models/swiss_model/outputs/A0A5P6VQ80_swissmodel.pdb | results/docking/cleaned_receptors/A0A5P6VQ80_swissmodel.pdb,True,True,True
A0A291B2R6,fungal,GH11,True,models/swiss_model/outputs/A0A291B2R6_swissmodel.pdb,swiss_model,.pdb,2,models/swiss_model/outputs/A0A291B2R6_swissmodel.pdb | results/docking/cleaned_receptors/A0A291B2R6_swissmodel.pdb,True,True,True
F2Z9G6,bacterial,GH10,True,models/swiss_model/outputs/F2Z9G6_swissmodel.pdb,swiss_model,.pdb,2,models/swiss_model/outputs/F2Z9G6_swissmodel.pdb | results/docking/cleaned_receptors/F2Z9G6_swissmodel.pdb,True,True,True
A0ACD6BAS8,bacterial,GH11,False,,,,0,,False,False,False
A0A2Z5XER4,fungal,GH10,True,models/swiss_model/outputs/A0A2Z5XER4_swissmodel.pdb,swiss_model,.pdb,2,models/swiss_model/outputs/A0A2Z5XER4_swissmodel.pdb | results/docking/cleaned_receptors/A0A2Z5XER4_swissmodel.pdb,True,True,True
E0S2F5,bacterial,GH10,True,models/swiss_model/outputs/E0S2F5_swissmodel.pdb,swiss_model,.pdb,2,models/swiss_model/outputs/E0S2F5_swissmodel.pdb | results/docking/cleaned_receptors/E0S2F5_swissmodel.pdb,True,True,True
Q9HEP2,fungal,GH11,True,models/swiss_model/outputs/Q9HEP2_swissmodel.pdb,swiss_model,.pdb,2,models/swiss_model/outputs/Q9HEP2_swissmodel.pdb | results/docking/cleaned_receptors/Q9HEP2_swissmodel.pdb,True,True,True
Q4P0L3,fungal,GH11,True,models/swiss_model/outputs/Q4P0L3_swissmodel.pdb,swiss_model,.pdb,2,models/swiss_model/outputs/Q4P0L3_swissmodel.pdb | results/docking/cleaned_receptors/Q4P0L3_swissmodel.pdb,True,True,True
A5H0S3,bacterial,GH11,True,models/swiss_model/outputs/A5H0S3_swissmodel.pdb,swiss_model,.pdb,2,models/swiss_model/outputs/A5H0S3_swissmodel.pdb | results/docking/cleaned_receptors/A5H0S3_swissmodel.pdb,True,True,True
Q21NZ2,bacterial,GH10,True,models/swiss_model/outputs/Q21NZ2_swissmodel.pdb,swiss_model,.pdb,2,models/swiss_model/outputs/Q21NZ2_swissmodel.pdb | results/docking/cleaned_receptors/Q21NZ2_swissmodel.pdb,True,True,True
A0A3Q8TLG0,bacterial,GH10,True,models/swiss_model/outputs/A0A3Q8TLG0_swissmodel.pdb,swiss_model,.pdb,2,models/swiss_model/outputs/A0A3Q8TLG0_swissmodel.pdb | results/docking/cleaned_receptors/A0A3Q8TLG0_swissmodel.pdb,True,True,True
Q9HEN5,fungal,GH11,True,models/swiss_model/outputs/Q9HEN5_swissmodel.pdb,swiss_model,.pdb,2,models/swiss_model/outputs/Q9HEN5_swissmodel.pdb | results/docking/cleaned_receptors/Q9HEN5_swissmodel.pdb,True,True,True
B3A0S5,fungal,GH10,False,,,,0,,False,False,False
A0A291NUE5,bacterial,GH11,True,models/swiss_model/outputs/A0A291NUE5_swissmodel.pdb,swiss_model,.pdb,2,models/swiss_model/outputs/A0A291NUE5_swissmodel.pdb | results/docking/cleaned_receptors/A0A291NUE5_swissmodel.pdb,True,True,True
B5SYI8,bacterial,GH11,True,models/swiss_model/outputs/B5SYI8_swissmodel.pdb,swiss_model,.pdb,2,models/swiss_model/outputs/B5SYI8_swissmodel.pdb | results/docking/cleaned_receptors/B5SYI8_swissmodel.pdb,True,True,True
Q9HEN3,fungal,GH11,True,models/swiss_model/outputs/Q9HEN3_swissmodel.pdb,swiss_model,.pdb,2,models/swiss_model/outputs/Q9HEN3_swissmodel.pdb | results/docking/cleaned_receptors/Q9HEN3_swissmodel.pdb,True,True,True
Q21GI8,bacterial,GH10,True,models/swiss_model/outputs/Q21GI8_swissmodel.pdb,swiss_model,.pdb,2,models/swiss_model/outputs/Q21GI8_swissmodel.pdb | results/docking/cleaned_receptors/Q21GI8_swissmodel.pdb,True,True,True
A0A1X9RHS0,bacterial,GH10,True,models/swiss_model/outputs/A0A1X9RHS0_swissmodel.pdb,swiss_model,.pdb,2,models/swiss_model/outputs/A0A1X9RHS0_swissmodel.pdb | results/docking/cleaned_receptors/A0A1X9RHS0_swissmodel.pdb,True,True,True
A0A059P9J8,fungal,GH10,True,models/swiss_model/outputs/A0A059P9J8_swissmodel.pdb,swiss_model,.pdb,2,models/swiss_model/outputs/A0A059P9J8_swissmodel.pdb | results/docking/cleaned_receptors/A0A059P9J8_swissmodel.pdb,True,True,True
Q7Z8B8,fungal,GH11,True,models/swiss_model/outputs/Q7Z8B8_swissmodel.pdb,swiss_model,.pdb,2,models/swiss_model/outputs/Q7Z8B8_swissmodel.pdb | results/docking/cleaned_receptors/Q7Z8B8_swissmodel.pdb,True,True,True
E3WF08,bacterial,GH10,True,models/swiss_model/outputs/E3WF08_swissmodel.pdb,swiss_model,.pdb,2,models/swiss_model/outputs/E3WF08_swissmodel.pdb | results/docking/cleaned_receptors/E3WF08_swissmodel.pdb,True,True,True
G0YP28,fungal,GH11,True,models/swiss_model/outputs/G0YP28_swissmodel.pdb,swiss_model,.pdb,2,models/swiss_model/outputs/G0YP28_swissmodel.pdb | results/docking/cleaned_receptors/G0YP28_swissmodel.pdb,True,True,True
A0ACD6BAA5,bacterial,GH10,False,,,,0,,False,False,False
A0A8T9CAR3,fungal,GH11,True,models/swiss_model/outputs/A0A8T9CAR3_swissmodel.pdb,swiss_model,.pdb,2,models/swiss_model/outputs/A0A8T9CAR3_swissmodel.pdb | results/docking/cleaned_receptors/A0A8T9CAR3_swissmodel.pdb,True,True,True
Q5YB84,fungal,GH11,True,models/swiss_model/outputs/Q5YB84_swissmodel.pdb,swiss_model,.pdb,2,models/swiss_model/outputs/Q5YB84_swissmodel.pdb | results/docking/cleaned_receptors/Q5YB84_swissmodel.pdb,True,True,True
V9NCQ7,bacterial,GH11,True,models/swiss_model/outputs/V9NCQ7_swissmodel.pdb,swiss_model,.pdb,2,models/swiss_model/outputs/V9NCQ7_swissmodel.pdb | results/docking/cleaned_receptors/V9NCQ7_swissmodel.pdb,True,True,True
E0RYH1,bacterial,GH10,True,models/swiss_model/outputs/E0RYH1_swissmodel.pdb,swiss_model,.pdb,2,models/swiss_model/outputs/E0RYH1_swissmodel.pdb | results/docking/cleaned_receptors/E0RYH1_swissmodel.pdb,True,True,True
A0A0C4K5J5,fungal,GH10,True,models/swiss_model/outputs/A0A0C4K5J5_swissmodel.pdb,swiss_model,.pdb,2,models/swiss_model/outputs/A0A0C4K5J5_swissmodel.pdb | results/docking/cleaned_receptors/A0A0C4K5J5_swissmodel.pdb,True,True,True
U5HTZ3,fungal,GH10,True,models/swiss_model/outputs/U5HTZ3_swissmodel.pdb,swiss_model,.pdb,2,models/swiss_model/outputs/U5HTZ3_swissmodel.pdb | results/docking/cleaned_receptors/U5HTZ3_swissmodel.pdb,True,True,True
A0A9P5GH10,fungal,GH10,True,models/swiss_model/outputs/A0A9P5GH10_swissmodel.pdb,swiss_model,.pdb,2,models/swiss_model/outputs/A0A9P5GH10_swissmodel.pdb | results/docking/cleaned_receptors/A0A9P5GH10_swissmodel.pdb,True,True,True
Q288H9,bacterial,GH10,True,models/swiss_model/outputs/Q288H9_swissmodel.pdb,swiss_model,.pdb,2,models/swiss_model/outputs/Q288H9_swissmodel.pdb | results/docking/cleaned_receptors/Q288H9_swissmodel.pdb,True,True,True
E0RXQ0,bacterial,GH10,True,models/swiss_model/outputs/E0RXQ0_swissmodel.pdb,swiss_model,.pdb,2,models/swiss_model/outputs/E0RXQ0_swissmodel.pdb | results/docking/cleaned_receptors/E0RXQ0_swissmodel.pdb,True,True,True
A0ABN7RUD1,bacterial,GH11,True,models/swiss_model/outputs/A0ABN7RUD1_swissmodel.pdb,swiss_model,.pdb,2,models/swiss_model/outputs/A0ABN7RUD1_swissmodel.pdb | results/docking/cleaned_receptors/A0ABN7RUD1_swissmodel.pdb,True,True,True
A0A8E4VW23,fungal,GH10,True,models/swiss_model/outputs/A0A8E4VW23_swissmodel.pdb,swiss_model,.pdb,2,models/swiss_model/outputs/A0A8E4VW23_swissmodel.pdb | results/docking/cleaned_receptors/A0A8E4VW23_swissmodel.pdb,True,True,True
A0A6B9D8N2,fungal,GH11,True,models/swiss_model/outputs/A0A6B9D8N2_swissmodel.pdb,swiss_model,.pdb,2,models/swiss_model/outputs/A0A6B9D8N2_swissmodel.pdb | results/docking/cleaned_receptors/A0A6B9D8N2_swissmodel.pdb,True,True,True
D5EY13,bacterial,GH10,True,models/swiss_model/outputs/D5EY13_swissmodel.pdb,swiss_model,.pdb,2,models/swiss_model/outputs/D5EY13_swissmodel.pdb | results/docking/cleaned_receptors/D5EY13_swissmodel.pdb,True,True,True
A0A8D5NM93,bacterial,GH10,True,models/swiss_model/outputs/A0A8D5NM93_swissmodel.pdb,swiss_model,.pdb,2,models/swiss_model/outputs/A0A8D5NM93_swissmodel.pdb | results/docking/cleaned_receptors/A0A8D5NM93_swissmodel.pdb,True,True,True
A7TVD4,bacterial,GH10,True,models/swiss_model/outputs/A7TVD4_swissmodel.pdb,swiss_model,.pdb,2,models/swiss_model/outputs/A7TVD4_swissmodel.pdb | results/docking/cleaned_receptors/A7TVD4_swissmodel.pdb,True,True,True
Q59675,bacterial,GH10,False,,,,0,,False,False,False
A0ACD6B907,bacterial,GH11,False,,,,0,,False,False,False
A0A2P0ZW24,bacterial,GH10,True,models/swiss_model/outputs/A0A2P0ZW24_swissmodel.pdb,swiss_model,.pdb,2,models/swiss_model/outputs/A0A2P0ZW24_swissmodel.pdb | results/docking/cleaned_receptors/A0A2P0ZW24_swissmodel.pdb,True,True,True
B3PDA8,bacterial,GH10,True,models/swiss_model/outputs/B3PDA8_swissmodel.pdb,swiss_model,.pdb,2,models/swiss_model/outputs/B3PDA8_swissmodel.pdb | results/docking/cleaned_receptors/B3PDA8_swissmodel.pdb,True,True,True
Q21PD4,bacterial,GH10,True,models/swiss_model/outputs/Q21PD4_swissmodel.pdb,swiss_model,.pdb,2,models/swiss_model/outputs/Q21PD4_swissmodel.pdb | results/docking/cleaned_receptors/Q21PD4_swissmodel.pdb,True,True,True
F6LP79,bacterial,GH10,True,models/swiss_model/outputs/F6LP79_swissmodel.pdb,swiss_model,.pdb,2,models/swiss_model/outputs/F6LP79_swissmodel.pdb | results/docking/cleaned_receptors/F6LP79_swissmodel.pdb,True,True,True
A0A5P6VU75,bacterial,GH10,True,models/swiss_model/outputs/A0A5P6VU75_swissmodel.pdb,swiss_model,.pdb,2,models/swiss_model/outputs/A0A5P6VU75_swissmodel.pdb | results/docking/cleaned_receptors/A0A5P6VU75_swissmodel.pdb,True,True,True
Q0PRN5,bacterial,GH10,True,models/swiss_model/outputs/Q0PRN5_swissmodel.pdb,swiss_model,.pdb,2,models/swiss_model/outputs/Q0PRN5_swissmodel.pdb | results/docking/cleaned_receptors/Q0PRN5_swissmodel.pdb,True,True,True
E9SDY0,bacterial,GH10,True,models/swiss_model/outputs/E9SDY0_swissmodel.pdb,swiss_model,.pdb,2,models/swiss_model/outputs/E9SDY0_swissmodel.pdb | results/docking/cleaned_receptors/E9SDY0_swissmodel.pdb,True,True,True
Q9HDL7,fungal,GH11,True,models/swiss_model/outputs/Q9HDL7_swissmodel.pdb,swiss_model,.pdb,2,models/swiss_model/outputs/Q9HDL7_swissmodel.pdb | results/docking/cleaned_receptors/Q9HDL7_swissmodel.pdb,True,True,True
Q9HEN4,fungal,GH11,True,models/swiss_model/outputs/Q9HEN4_swissmodel.pdb,swiss_model,.pdb,2,models/swiss_model/outputs/Q9HEN4_swissmodel.pdb | results/docking/cleaned_receptors/Q9HEN4_swissmodel.pdb,True,True,True
Q7RW51,fungal,GH10,True,models/swiss_model/outputs/Q7RW51_swissmodel.pdb,swiss_model,.pdb,2,models/swiss_model/outputs/Q7RW51_swissmodel.pdb | results/docking/cleaned_receptors/Q7RW51_swissmodel.pdb,True,True,True
A0A7M3UE38,fungal,GH10,True,models/swiss_model/outputs/A0A7M3UE38_swissmodel.pdb,swiss_model,.pdb,2,models/swiss_model/outputs/A0A7M3UE38_swissmodel.pdb | results/docking/cleaned_receptors/A0A7M3UE38_swissmodel.pdb,True,True,True
P83513,bacterial,GH11,True,models/swiss_model/outputs/P83513_swissmodel.pdb,swiss_model,.pdb,2,models/swiss_model/outputs/P83513_swissmodel.pdb | results/docking/cleaned_receptors/P83513_swissmodel.pdb,True,True,True
Q9HEP3,fungal,GH11,True,models/swiss_model/outputs/Q9HEP3_swissmodel.pdb,swiss_model,.pdb,2,models/swiss_model/outputs/Q9HEP3_swissmodel.pdb | results/docking/cleaned_receptors/Q9HEP3_swissmodel.pdb,True,True,True
Q7S0Y0,fungal,GH10,True,models/swiss_model/outputs/Q7S0Y0_swissmodel.pdb,swiss_model,.pdb,2,models/swiss_model/outputs/Q7S0Y0_swissmodel.pdb | results/docking/cleaned_receptors/Q7S0Y0_swissmodel.pdb,True,True,True
A0A024FRL8,fungal,GH10,True,models/swiss_model/outputs/A0A024FRL8_swissmodel.pdb,swiss_model,.pdb,2,models/swiss_model/outputs/A0A024FRL8_swissmodel.pdb | results/docking/cleaned_receptors/A0A024FRL8_swissmodel.pdb,True,True,True
A0ABN7S882,bacterial,GH10,True,models/swiss_model/outputs/A0ABN7S882_swissmodel.pdb,swiss_model,.pdb,2,models/swiss_model/outputs/A0ABN7S882_swissmodel.pdb | results/docking/cleaned_receptors/A0ABN7S882_swissmodel.pdb,True,True,True
E0S1Z8,bacterial,GH10,True,models/swiss_model/outputs/E0S1Z8_swissmodel.pdb,swiss_model,.pdb,2,models/swiss_model/outputs/E0S1Z8_swissmodel.pdb | results/docking/cleaned_receptors/E0S1Z8_swissmodel.pdb,True,True,True
Q7S6C2,fungal,GH10,True,models/swiss_model/outputs/Q7S6C2_swissmodel.pdb,swiss_model,.pdb,2,models/swiss_model/outputs/Q7S6C2_swissmodel.pdb | results/docking/cleaned_receptors/Q7S6C2_swissmodel.pdb,True,True,True
F6LP81,bacterial,GH10,True,models/swiss_model/outputs/F6LP81_swissmodel.pdb,swiss_model,.pdb,2,models/swiss_model/outputs/F6LP81_swissmodel.pdb | results/docking/cleaned_receptors/F6LP81_swissmodel.pdb,True,True,True
Q8GMV6,bacterial,GH10,True,models/swiss_model/outputs/Q8GMV6_swissmodel.pdb,swiss_model,.pdb,2,models/swiss_model/outputs/Q8GMV6_swissmodel.pdb | results/docking/cleaned_receptors/Q8GMV6_swissmodel.pdb,True,True,True
A0A024FS83,fungal,GH10,True,models/swiss_model/outputs/A0A024FS83_swissmodel.pdb,swiss_model,.pdb,2,models/swiss_model/outputs/A0A024FS83_swissmodel.pdb | results/docking/cleaned_receptors/A0A024FS83_swissmodel.pdb,True,True,True
F0BDW7,bacterial,GH10,True,models/swiss_model/outputs/F0BDW7_swissmodel.pdb,swiss_model,.pdb,2,models/swiss_model/outputs/F0BDW7_swissmodel.pdb | results/docking/cleaned_receptors/F0BDW7_swissmodel.pdb,True,True,True
G9BY19,fungal,GH10,True,models/swiss_model/outputs/G9BY19_swissmodel.pdb,swiss_model,.pdb,2,models/swiss_model/outputs/G9BY19_swissmodel.pdb | results/docking/cleaned_receptors/G9BY19_swissmodel.pdb,True,True,True
G1E731,bacterial,GH10,True,models/swiss_model/outputs/G1E731_swissmodel.pdb,swiss_model,.pdb,2,models/swiss_model/outputs/G1E731_swissmodel.pdb | results/docking/cleaned_receptors/G1E731_swissmodel.pdb,True,True,True
B3PC74,bacterial,GH10,True,models/swiss_model/outputs/B3PC74_swissmodel.pdb,swiss_model,.pdb,2,models/swiss_model/outputs/B3PC74_swissmodel.pdb | results/docking/cleaned_receptors/B3PC74_swissmodel.pdb,True,True,True
Q546Y2,bacterial,GH10,True,models/swiss_model/outputs/Q546Y2_swissmodel.pdb,swiss_model,.pdb,2,models/swiss_model/outputs/Q546Y2_swissmodel.pdb | results/docking/cleaned_receptors/Q546Y2_swissmodel.pdb,True,True,True
F0BDW4,bacterial,GH10,True,models/swiss_model/outputs/F0BDW4_swissmodel.pdb,swiss_model,.pdb,2,models/swiss_model/outputs/F0BDW4_swissmodel.pdb | results/docking/cleaned_receptors/F0BDW4_swissmodel.pdb,True,True,True
A0A173M083,bacterial,GH10,True,models/swiss_model/outputs/A0A173M083_swissmodel.pdb,swiss_model,.pdb,2,models/swiss_model/outputs/A0A173M083_swissmodel.pdb | results/docking/cleaned_receptors/A0A173M083_swissmodel.pdb,True,True,True
A0A024FRX8,fungal,GH10,True,models/swiss_model/outputs/A0A024FRX8_swissmodel.pdb,swiss_model,.pdb,2,models/swiss_model/outputs/A0A024FRX8_swissmodel.pdb | results/docking/cleaned_receptors/A0A024FRX8_swissmodel.pdb,True,True,True
E9NSU0,fungal,GH10,True,models/swiss_model/outputs/E9NSU0_swissmodel.pdb,swiss_model,.pdb,2,models/swiss_model/outputs/E9NSU0_swissmodel.pdb | results/docking/cleaned_receptors/E9NSU0_swissmodel.pdb,True,True,True
A0ABN7S7D7,bacterial,GH10,True,models/swiss_model/outputs/A0ABN7S7D7_swissmodel.pdb,swiss_model,.pdb,2,models/swiss_model/outputs/A0ABN7S7D7_swissmodel.pdb | results/docking/cleaned_receptors/A0ABN7S7D7_swissmodel.pdb,True,True,True
E9SA77,bacterial,GH11,True,models/swiss_model/outputs/E9SA77_swissmodel.pdb,swiss_model,.pdb,2,models/swiss_model/outputs/E9SA77_swissmodel.pdb | results/docking/cleaned_receptors/E9SA77_swissmodel.pdb,True,True,True
Q9HEN6,fungal,GH11,True,models/swiss_model/outputs/Q9HEN6_swissmodel.pdb,swiss_model,.pdb,2,models/swiss_model/outputs/Q9HEN6_swissmodel.pdb | results/docking/cleaned_receptors/Q9HEN6_swissmodel.pdb,True,True,True
A0A7G1PUW3,fungal,GH10,True,models/swiss_model/outputs/A0A7G1PUW3_swissmodel.pdb,swiss_model,.pdb,2,models/swiss_model/outputs/A0A7G1PUW3_swissmodel.pdb | results/docking/cleaned_receptors/A0A7G1PUW3_swissmodel.pdb,True,True,True
Q21MW6,bacterial,GH11,True,models/swiss_model/outputs/Q21MW6_swissmodel.pdb,swiss_model,.pdb,2,models/swiss_model/outputs/Q21MW6_swissmodel.pdb | results/docking/cleaned_receptors/Q21MW6_swissmodel.pdb,True,True,True
A0A0K8J318,bacterial,GH11,True,models/swiss_model/outputs/A0A0K8J318_swissmodel.pdb,swiss_model,.pdb,2,models/swiss_model/outputs/A0A0K8J318_swissmodel.pdb | results/docking/cleaned_receptors/A0A0K8J318_swissmodel.pdb,True,True,True
A0A075WJH8,fungal,GH10,True,models/swiss_model/outputs/A0A075WJH8_swissmodel.pdb,swiss_model,.pdb,2,models/swiss_model/outputs/A0A075WJH8_swissmodel.pdb | results/docking/cleaned_receptors/A0A075WJH8_swissmodel.pdb,True,True,True
Q7S3P8,fungal,GH10,True,models/swiss_model/outputs/Q7S3P8_swissmodel.pdb,swiss_model,.pdb,2,models/swiss_model/outputs/Q7S3P8_swissmodel.pdb | results/docking/cleaned_receptors/Q7S3P8_swissmodel.pdb,True,True,True
Q21HD6,bacterial,GH10,True,models/swiss_model/outputs/Q21HD6_swissmodel.pdb,swiss_model,.pdb,2,models/swiss_model/outputs/Q21HD6_swissmodel.pdb | results/docking/cleaned_receptors/Q21HD6_swissmodel.pdb,True,True,True
D6CGY9,bacterial,GH10,True,models/swiss_model/outputs/D6CGY9_swissmodel.pdb,swiss_model,.pdb,2,models/swiss_model/outputs/D6CGY9_swissmodel.pdb | results/docking/cleaned_receptors/D6CGY9_swissmodel.pdb,True,True,True
A0A7U4XSS7,bacterial,GH11,True,models/swiss_model/outputs/A0A7U4XSS7_swissmodel.pdb,swiss_model,.pdb,2,models/swiss_model/outputs/A0A7U4XSS7_swissmodel.pdb | results/docking/cleaned_receptors/A0A7U4XSS7_swissmodel.pdb,True,True,True
P84195,fungal,GH10,True,models/swiss_model/outputs/P84195_swissmodel.pdb,swiss_model,.pdb,2,models/swiss_model/outputs/P84195_swissmodel.pdb | results/docking/cleaned_receptors/P84195_swissmodel.pdb,True,True,True
A0AAW8VCD8,bacterial,GH10,True,models/swiss_model/outputs/A0AAW8VCD8_swissmodel.pdb,swiss_model,.pdb,2,models/swiss_model/outputs/A0AAW8VCD8_swissmodel.pdb | results/docking/cleaned_receptors/A0AAW8VCD8_swissmodel.pdb,True,True,True
I4DXK6,bacterial,GH10,True,models/swiss_model/outputs/I4DXK6_swissmodel.pdb,swiss_model,.pdb,2,models/swiss_model/outputs/I4DXK6_swissmodel.pdb | results/docking/cleaned_receptors/I4DXK6_swissmodel.pdb,True,True,True
K9TUC6,bacterial,GH10,True,models/swiss_model/outputs/K9TUC6_swissmodel.pdb,swiss_model,.pdb,2,models/swiss_model/outputs/K9TUC6_swissmodel.pdb | results/docking/cleaned_receptors/K9TUC6_swissmodel.pdb,True,True,True
