record_type,temperature_value,organism,uniprot_accession,commentary,literature
optimum_temperature,100,Bacillus subtilis,-,-,751229
optimum_temperature,22,Niallia circulans,P09850,assay at,707522
optimum_temperature,25,Pseudoalteromonashaloplanktis,Q8RJN8,cold-adapted enzyme,656075
optimum_temperature,30,Acetivibrio thermocellus,"P10478,O32374",assay at,709200
optimum_temperature,30,Marinimicrobium sp. LS-A18,A0A411LPM1,optimum temperaturewithout NaCl,768777
optimum_temperature,30,Penicillium griseofulvum,-,assay at,707567
optimum_temperature,35,Dickeya chrysanthemi,-,-,655834
optimum_temperature,35,Fusarium graminearum,Q7ZA57,-,663859
optimum_temperature,35,Hordeum vulgare,-,-,171605
optimum_temperature,35,Paenibacilluscurdlanolyticus,E3WF08,recombinant enzyme,717395
optimum_temperature,35 - 45,Talaromyces funiculosus,Q8J0K5,at pH 4.0,664181
optimum_temperature,37,Alternaria sp.,-,assay at,737904
optimum_temperature,37,Arthrinium sp.,-,assay at,737904
optimum_temperature,37,Aspergillus sp.,-,assay at,737904
optimum_temperature,37,Aureobasidium sp.,-,assay at,737904
optimum_temperature,37,Bipolaris sp.,-,assay at,737904
optimum_temperature,37,Cephalosporium sp.,-,assay at,737904
optimum_temperature,37,Chloridium sp.,-,assay at,737904
optimum_temperature,37,Cladosporium sp.,-,assay at,737904
optimum_temperature,37,Cordyceps sp.,-,assay at,737904
optimum_temperature,37,Dothideomycetes sp.,-,assay at,737904
optimum_temperature,37,Epicoccum sp.,-,assay at,737904
optimum_temperature,37,Exophiala sp.,-,assay at,737904
optimum_temperature,37,Fusarium sp.,-,assay at,737904
optimum_temperature,37,Microdochium sp.,-,assay at,737904
optimum_temperature,37,Minimidochium sp. TMS-2011,-,assay at,737904
optimum_temperature,37,Neurospora crassa,-,assay at,737904
optimum_temperature,37,Nigrospora sp.,-,assay at,737904
optimum_temperature,37,Paenibacillus sp. E18,-,assay at,707230
optimum_temperature,37,Paenibacillus sp. W-61,-,assay at,708936
optimum_temperature,37,Penicillium sp.,-,assay at,737904
optimum_temperature,37,Phanerodontiachrysosporium,-,assay at,737904
optimum_temperature,37,Phoma sp.,-,assay at,737904
optimum_temperature,37,Rhodonia placenta,-,assay at,737904
optimum_temperature,37,Sporothrix sp.,-,assay at,737904
optimum_temperature,37,Teredinibacter turnerae,C5BJ89,assay at,749504
optimum_temperature,37,Thermochaetoidesthermophila,Q6UN40,-,701091
optimum_temperature,37,Trichoderma reesei,-,assay at,737904
optimum_temperature,37,Trichoderma sp.,-,assay at,737904
optimum_temperature,37,uncultured bacterium,-,-,775836
optimum_temperature,37 - 40,Euphausia superba,-,isozymes A and B,655257
optimum_temperature,38,Pseudobutyrivibrioxylanivorans,-,-,655379
optimum_temperature,40,Aspergillus niger,-,assay at,654892
optimum_temperature,40,Bacillus pumilus,-,hydrolysis of larchwoodxylan,171624
optimum_temperature,40,Bacillus sp. (in:ﬁrmicutes),-,-,717091
optimum_temperature,40,Bacillus subtilis,P18429,assay at,"710,466,709,202"
optimum_temperature,40,Cellulomonas ﬁmi,-,xylanase B and C,171653
optimum_temperature,40,Cryptococcus sp. (in:basidiomycete fungi),-,-,171583
optimum_temperature,40,Duganella sp. PAMC27433,-,-,769515
optimum_temperature,40,Fusarium oxysporum,-,-,171637
optimum_temperature,40,,-,assay at,717889
optimum_temperature,40,Hordeum vulgare,Q94G06,-,677960
optimum_temperature,40,Naganishia albida,-,-,171631
optimum_temperature,40,Niallia circulans,P09850,assay at,709203
optimum_temperature,40,Pediococcus acidilactici,-,-,750814
optimum_temperature,40,Penicillium sp. CGMCC1669,D1GFE6,recombinant enzyme,707207
optimum_temperature,40,Pseudopedobactersaltans,F0S6Y3,-,752084
optimum_temperature,40,Rhizophlyctis rosea,A0A2U8LMQ3,small enzyme formRrXyn11A S,749718
optimum_temperature,40,Streptomyces olivaceus,-,-,746374
optimum_temperature,40,Streptomyces sp.,F7J663,-,730370
optimum_temperature,40,Triticum aestivum,Q9XGT8,-,752127
optimum_temperature,40,uncultured bacterium,A0A3G9FT71,-,750245
optimum_temperature,42,Aspergillus niger,-,-,171599
optimum_temperature,45,Albiﬁmbria verrucaria,-,-,171652
optimum_temperature,45,Arthrobacter sp.,A0A0F6MV31,-,737475
optimum_temperature,45,Aspergillus luchuensis,P33557,-,739002
optimum_temperature,45,Aspergillus niger,-,-,171598
optimum_temperature,45,,-,xylanase I and II,171597
optimum_temperature,45,,I3QKR9,wild-type enzyme,751243
optimum_temperature,45,Bacillus subtilis,-,at pH 6.0,770731
optimum_temperature,45,Carica papaya,Q8GTJ2,about,655665
optimum_temperature,45,Cellulomonas ﬁmi,-,xylanase A,171653
optimum_temperature,45,Luteimicrobiumxylanilyticum,A0A286LNP2,C-terminal truncatedmutant,745089
optimum_temperature,45,Malbranchea pulchella,-,xylanase A and B,171587
optimum_temperature,45,Massilia sp. RBM26,A0A0S2I9J6,-,738866
optimum_temperature,45,Neocallimastixpatriciarum,A8TGA1,-,695791
optimum_temperature,45,Paenibacillus terrae,F1KBQ3,enzyme without xylan-binding domain,750448
optimum_temperature,45,Penicillium occitanis(nom. inval.),-,-,718338
optimum_temperature,45,Pomacea insularus,-,-,171584
optimum_temperature,45,Pomacea maculata,Q7Z1V6,recombinant EGXA withxylan as substrate,695295
optimum_temperature,45,Sphingobacterium sp.TN19,D8L2Y2,-,707250
optimum_temperature,45,Trichodermalongibrachiatum,-,-,171647
optimum_temperature,45,Trichoderma virens,-,-,171632
optimum_temperature,45 - 50,Bacillus pumilus,-,-,171586
optimum_temperature,50,Acetivibrio thermocellus,-,-,750432
optimum_temperature,50,Alternaria mali,-,-,695683
optimum_temperature,50,Aspergillus fumigatus,-,-,737935
optimum_temperature,50,,E0X4B3,wild-type and mutantsS68R and Q47P/S159R,738888
optimum_temperature,50,Aspergillus giganteus,-,both xylanase I andxylanase II,665016
optimum_temperature,50,Aspergillus niger,-,-,171634
optimum_temperature,50,,-,xylanase II,171633
optimum_temperature,50,,-,-,"664,489,707,403,731,000"
optimum_temperature,50,,F5CI28,-,729014
optimum_temperature,50,Aspergillus ochraceus,-,-,171654
optimum_temperature,50,Aspergillus sulphureus,Q3S401,recombinant enzyme,707197
optimum_temperature,50,Aureobasidiummelanogenum,-,-,776226
optimum_temperature,50,Bacillus licheniformis,-,-,752334
optimum_temperature,50,Bacillus pumilus,Q5EFR9,recombinant enzyme,717410
optimum_temperature,50,Bacillus sp. (in:ﬁrmicutes),-,-,"667,012,708,851"
optimum_temperature,50,Bacillus subtilis,-,-,"171,618,171,622"
optimum_temperature,50,Cellulomonas ﬂavigena,A1XM14,-,697503
optimum_temperature,50,Cellulomonas ﬂavigena,A1XM14,xylanase activity,697503
optimum_temperature,50,Cellvibrio mixtus,O68541,-,744626
optimum_temperature,50,Cladosporium sp.,A0A346PXS9,-,750679
optimum_temperature,50,-,-,768810,
optimum_temperature,50,Cutaneotrichosporoncutaneum,-,-,171625
optimum_temperature,50,Kitasatospora sp.,"A0A3T0YV67,A0A3T0YV60",-,750084
optimum_temperature,50,Lentinula edodes,-,"Xylam and Xyl6-6, pH 5.0",655228
optimum_temperature,50,Lentinula edodes,-,-,681351
optimum_temperature,50,A0A411LPM1,A0A411LPM1,optimum temperaturewith 10% (w/v) NaCl,768777
optimum_temperature,50,Neocallimastixpatriciarum,P29127,-,744626
optimum_temperature,50,Paenibacilluscurdlanolyticus,A0A0A0R2Z1,-,737855
optimum_temperature,50,Paenibacillus sp.,B6VF01,-,717404
optimum_temperature,50,Penicillium citrinum,-,at both pH 3.5 and pH8.5,681711
optimum_temperature,50,Penicillium citrinum,B1B533,-,699042
optimum_temperature,50,Penicillium janczewskii,-,-,739567
optimum_temperature,50,Penicillium sclerotiorum,-,xylanase I,707211
optimum_temperature,50,Rhizophlyctis rosea,A0A2U8LMQ3,large enzyme formRrXyn11A L,749718
optimum_temperature,50,Ruminiclostridium josui,-,"substrate: alpha-D-cellobiose octaacetate.Enzyme derivativeRjAbf62A-CBM6,containing the glycosidehydrolase family 62(GH62) catalytic moduleand the family 6",750435
optimum_temperature,50,Ruminiclostridium josui,,,carbohydrate bindingmodule (CBM6)
optimum_temperature,50,Ruminiclostridium josui,Ruminococcusﬂavefaciens,-,catalytic domains XYL-Aand XYL-C
optimum_temperature,50,Ruminiclostridium josui,Schizophyllumcommune,-,-
optimum_temperature,50,Ruminiclostridium josui,,P35809,-
optimum_temperature,50,Ruminiclostridium josui,Streptomyces sp.,F8WSY7,-
optimum_temperature,50,Ruminiclostridium josui,Termitomyces clypeatus,-,-
optimum_temperature,50,Ruminiclostridium josui,Thermoascusaurantiacus,-,assay at
optimum_temperature,50,Ruminiclostridium josui,Thermomyceslanuginosus,O43097,carboxymethyl cellulaseactivity of the fusionenzyme (EG-M-Xyn) ofendoglucanase(cellulase) fromTeleogryllus emma andxylanase fromThermomyceslanuginosus and of theparental endoglucanase
optimum_temperature,50,Ruminiclostridium josui,Thermotoga maritima,-,assay at
optimum_temperature,50,Ruminiclostridium josui,Trametes hirsuta,-,"30 min, stable"
optimum_temperature,50,Ruminiclostridium josui,Trichoderma harzianum,-,20000 Da protein
optimum_temperature,50,Ruminiclostridium josui,Trichoderma inhamatum,-,-
optimum_temperature,50,Ruminiclostridium josui,Trichoderma reesei,-,assay at
optimum_temperature,50,Ruminiclostridium josui,,P36218,assay at
optimum_temperature,50,Ruminiclostridium josui,,B2CNY5,-
optimum_temperature,50,Ruminiclostridium josui,uncultured bacterium,-,-
optimum_temperature,50,Ruminiclostridium josui,,A0A127JBT0,-
optimum_temperature,50 - 55,Aspergillus caespitosus,-,"both isoforms xyl I, xyl II",666701
optimum_temperature,50 - 55,Bacillus subtilis,-,-,709497
optimum_temperature,50 - 55,Cellulomonas ﬂavigena,-,wild-type enzyme,655370
optimum_temperature,50 - 60,Acidomyces acidophilus,-,wild-type and mutantenzymes,707765
optimum_temperature,50 - 60,Aspergillus niger,-,optimum temperaturefor hybrid xylanase and,695678
optimum_temperature,50 - 60,,,"its Aspergillus parent is60°C and 50°C,respectively",
optimum_temperature,50 - 60,Penicillium griseofulvum,-,-,677745
optimum_temperature,50 - 60,Talaromyces funiculosus,Q9HFH0,-,677745
optimum_temperature,50 - 60,Thermobiﬁda fusca,Q56265,"hybrid gene fromThermomonospora fuscawith N-terminal region ofBacillus subtilis,temperature optimum issimilar to temperatureoptimum ofThermomonospora fuscaparent enzyme",664701
optimum_temperature,55,Acrophialophoranainiana,-,-,656332
optimum_temperature,55,Alicyclobacillus sp.,D3VWB5,-,717947
optimum_temperature,55,Aspergillus cf. nigerBCC14405,Q6QA21,-,665441
optimum_temperature,55,Aspergillus ﬂavus,B8NKE9,-,752113
optimum_temperature,55,,B8NJ86,-,750988
optimum_temperature,55,Aspergillus niger,-,-,679573
optimum_temperature,55,Aspergillus versicolor,-,-,666703
optimum_temperature,55,Bacillus pumilus,-,-,769914
optimum_temperature,55,Bacillus sp. (in:ﬁrmicutes),-,recombinant enzymefrom,171650
optimum_temperature,55,Bacillus sp. 41M-1,Q9RC94,wild-type DELTAXBD,696858
optimum_temperature,55,Bacillus subtilis,-,xylanase XynA,719992
optimum_temperature,55,bacterium enrichmentculture clone Xyl8B8,H9ZGD1,-,730872
optimum_temperature,55,Cellulomonas ﬂavigena,-,mutant enzyme,655370
optimum_temperature,55,,-,-,746350
optimum_temperature,55,Cellulosimicrobiumcellulans,T2M1V1,-,731029
optimum_temperature,55,Demequina sp. JK4,B9VSZ3,-,709491
optimum_temperature,55,Fusarium oxysporum,-,-,663671
optimum_temperature,55,Fusarium proliferatum,-,-,657201
optimum_temperature,55,Geobacillusstearothermophilus,-,-,680969
optimum_temperature,55,Kitasatospora sp.,"A0A3T0YV67,A0A3T0YV60",-,750084
optimum_temperature,55,B8XY24,-,709503,
optimum_temperature,55,Melanocarpusalbomyces,-,isozyme IIc,654986
optimum_temperature,55,Neocallimastixpatriciarum,Q9UV68,wild-type,744133
optimum_temperature,55,Nesterenkoniaxinjiangensis,D1KJJ7,recombinant enzyme,707216
optimum_temperature,55,Niallia circulans,P09850,-,769727
optimum_temperature,55,Paenibacillus terrae,F1KBQ3,native enzyme,750448
optimum_temperature,55,Penicillium citrinum,Q2PGY1,-,665763
optimum_temperature,55,Penicillium citrinum,Q2PGY1,recombinant enzyme,752115
optimum_temperature,55,Penicillium sclerotiorum,-,xylanase II,707211
optimum_temperature,55,Pleurotus ostreatus,A0A2U9Q8K4,-,750334
optimum_temperature,55,Ruminiclostridium josui,-,"RjAbf62A-Axe6A,containing all fourmodules but lacking thesignal peptide",750435
optimum_temperature,55,Streptomyces sp.,-,-,171619
optimum_temperature,55,Streptomycesthermocarboxydus,C6ZHB0,recombinant enzyme,709555
optimum_temperature,55,Talaromyces pinophilus,-,all 3 isozymes,655807
optimum_temperature,55,Talaromyces pinophilus,A0A6N4SL16,-,768726
optimum_temperature,55,Termitomyces clypeatus,-,-,171630
optimum_temperature,55,Thermobiﬁda fusca,-,-,707403
optimum_temperature,55,Thermochaetoidesthermophila,G0S9G3,-,750799
optimum_temperature,55,Thermochaetoidesthermophila,G0S9G3,for CTendo7's xylanaseactivity andendoglucanase activity,750799
optimum_temperature,55,Thermothelomycesthermophilus,-,-,742765
optimum_temperature,55,Trichoderma reesei,LC132960,wild-type,744124
optimum_temperature,55,Trichoderma reesei,,-,isozyme EX2
optimum_temperature,55,Trichoderma reesei,,-,-
optimum_temperature,55 - 60,Acrophialophoranainiana,-,-,655620
optimum_temperature,55 - 60,Mycothermusthermophilus,-,"xylanase 1, xylanase 2",738127
optimum_temperature,55 - 60,Streptomyces sp.,-,-,171660
optimum_temperature,55 - 62,Trichoderma reesei,-,-,680210
optimum_temperature,56,Aspergillus nidulans,-,hydrolysis of oat speltxylan,171658
optimum_temperature,58,Cellulomonas uda,-,-,136300
optimum_temperature,60,Alicyclobacillus sp.,A0A0P0ISK8,-,737905
optimum_temperature,60,Aspergillus fumigatus,E0X4B3,mutant A60D,738888
optimum_temperature,60,,-,-,769929
optimum_temperature,60,Aspergillus japonicus,-,-,709190
optimum_temperature,60,Aspergillus niger,-,-,710686
optimum_temperature,60,,P55329,-,744626
optimum_temperature,60,,I3QKR9,mutant enzymeT205C/A52C,751243
optimum_temperature,60,Bacillus cereus,-,"the enzyme activity at50°C is slightly lowerthan at 60°C, but nosigniﬁcant differencebetween 50 and 60°C",770012
optimum_temperature,60,Bacillus licheniformis,-,-,682685
optimum_temperature,60,Bacillus sp. (in:ﬁrmicutes),-,-,171656
optimum_temperature,60,,Q84F19,-,664690
optimum_temperature,60,Bacillus subtilis,Q45VU2,assay at,707810
optimum_temperature,60,,A0A172MAU1,immobilized enzyme andsoluble enzyme,750593
optimum_temperature,60,Bispora sp. MEY-1,D6MYS9,-,707258
optimum_temperature,60,Cellulosimicrobium sp.,B2BZ80,-,737466
optimum_temperature,60,Evansstolkia leycettana,-,-,774449
optimum_temperature,60,Gelatoporiasubvermispora,-,-,664998
optimum_temperature,60,Halalkalibacteriumhalodurans,-,-,681342
optimum_temperature,60,Irpex lacteus,-,xylanase I,171612
optimum_temperature,60,Lentinula edodes,-,"Xyl1-3, pH 5.0",655228
optimum_temperature,60,Melanocarpusalbomyces,-,isozymes IIa and IIb,654986
optimum_temperature,60,Microbacteriumtrichothecenolyticum,A0A067XRW0,-,730191
optimum_temperature,60,Paenibacilluscampinasensis,Q2I6W5,-,718337
optimum_temperature,60,Paenibacilluscurdlanolyticus,B1A3N2,-,699498
optimum_temperature,60,Paenibacillus sp.,-,-,717094
optimum_temperature,60,Phanerodontiachrysosporium,-,isoform xynB,664683
optimum_temperature,60,Pseudozyma hubeiensis,-,assay at,707766
optimum_temperature,60,Rhodothermaceaebacterium RA,A0A1V0DJ74,-,775585
optimum_temperature,60,Streptomyces avermitilis,Q9X584,puriﬁed heavier proteinband (42.8 kDa),698373
optimum_temperature,60,Streptomyces coelicolor,Q8CJQ1,-,737481
optimum_temperature,60,Streptomyces fradiae,A7TVD4,at pH 7.8,699489
optimum_temperature,60,Streptomycesgriseorubens,-,-,745416
optimum_temperature,60,Streptomyces halstedii,-,-,171639
optimum_temperature,60,Streptomyces lividans,-,-,"171,606,171,608"
optimum_temperature,60,Streptomycesolivaceoviridis,-,-,171659
optimum_temperature,60,Streptomyces sp.,-,-,"654,144,655,355"
optimum_temperature,60,,B4XVN1,695801,
optimum_temperature,60,-,-,774465,
optimum_temperature,60,Streptomyces sp. TN119,C6FX34,recombinant enzyme,707196
optimum_temperature,60,Streptomycesthermocyaneoviolaceus,Q9RMM4,native enzyme,707809
optimum_temperature,60,synthetic construct,-,-,696797
optimum_temperature,60,Talaromycespurpureogenus,A0A2H4RAC5,recombinant enzyme,749635
optimum_temperature,60,Thermoascusaurantiacus var.levisporus,-,-,743330
optimum_temperature,60,Thermobiﬁda fusca,-,hybrid xylanase and itsThermomonosporaparent,695678
optimum_temperature,60,Thermochaetoidesthermophila,-,xylanase II,737964
optimum_temperature,60,Thermomyceslanuginosus,-,wild-type enzyme,655088
optimum_temperature,60,,-,-,696797
optimum_temperature,60,Thermothelomycesthermophilus,"G2QIK8,G2QDB9",recombinant enzyme,750646
optimum_temperature,60,Trichoderma harzianum,-,29000 Da protein,171613
optimum_temperature,60,Trichoderma reesei,B2CNY5,-,707864
optimum_temperature,60,,-,Xyn2,707911
optimum_temperature,60,,-,recombinant wild-typeenzyme,710126
optimum_temperature,60,,LC132960,mutant Q286A/N340Y,744124
optimum_temperature,60,unculturedmicroorganism,I6M1A2,-,731026
optimum_temperature,60 - 65,Streptomyces cyaneus,-,-,678757
optimum_temperature,60 - 65,Streptomyces sp.,-,-,"171,592,171,594"
optimum_temperature,60 - 65,Trichoderma harzianum,-,20000 Da enzyme form,171613
optimum_temperature,65,Aspergillus terreus,-,-,707209
optimum_temperature,65,Aspergillus tubingensis,-,-,707209
optimum_temperature,65,Bacillus sp. (in:ﬁrmicutes),-,enzyme component Ifrom strain W1 and strainW2,"171,591,171,595"
optimum_temperature,65,-,enzyme from strain W1and W3,171621,
optimum_temperature,65,Bacillus subtilis,-,chimeric enzymeCorAXynA,719992
optimum_temperature,65,Luteimicrobiumxylanilyticum,A0A286LNP2,wild-type,745089
optimum_temperature,65,Melanocarpusalbomyces,-,isozyme IId,654986
optimum_temperature,65,Melanocarpusalbomyces,-,-,738730
optimum_temperature,65,Melanocarpusalbomyces,-,both isoforms xylanaseIA and xylanase IIIA,738730
optimum_temperature,65,Melioribacter roseus,"I7A603,I6Z823,I6Z9A7",-,738862
optimum_temperature,65,Microcella alkaliphila,A0A0U5B5Z4,-,738192
optimum_temperature,65,Mycothermusthermophilus,-,-,743097
optimum_temperature,65,Neocallimastixpatriciarum,Q9UV68,mutantN38Y/F52W/G56Y/G201L,744133
optimum_temperature,65,Paecilomyces variotii,-,-,738999
optimum_temperature,65,Paenibacillus sp.,A0A075EEX4,-,730187
optimum_temperature,65,Remersonia thermophila,-,-,729007
optimum_temperature,65,Streptomycesolivaceoviridis,-,-,707403
optimum_temperature,65,-,-,695696,
optimum_temperature,65,Thermoascusaurantiacus,-,"wild-type and mutantsQ158A, H209N",738405
optimum_temperature,65,Thermomyceslanuginosus,-,-,"171,617,737,547"
optimum_temperature,65,Thermomyceslanuginosus,O43097,wild-type,742096
optimum_temperature,65,Thermomyceslanuginosus,-,-,742958
optimum_temperature,65,Thermomyceslanuginosus,-,wild-type,743887
optimum_temperature,65,Thermomyceslanuginosus,O43097,parental xylanase,750783
optimum_temperature,65,Thermotoga maritima,-,recombinant hybridmutant,710126
optimum_temperature,65,Trametes hirsuta,-,-,171629
optimum_temperature,65,Trametes hirsuta,Trichoderma reesei,-,recombinant hybridmutant
optimum_temperature,65,Trametes hirsuta,,-,recombinant enzyme
optimum_temperature,65,Trametes hirsuta,uncultured bacterium,B2LWN3,native enzyme
optimum_temperature,65,Trametes hirsuta,unculturedmicroorganism,E2DQY5,-
optimum_temperature,65 - 80,Aspergillus niger,-,xylanase IA and IB,171633
optimum_temperature,70,Acetivibrio thermocellus,-,-,738886
optimum_temperature,70,Acidothermuscellulolyticus,A0LR95,-,750497
optimum_temperature,70,,A0LR95,recombinant enzyme,750497
optimum_temperature,70,Aspergillus fumigatus,E0X4B3,mutant T16A/T39I/L176Q,738888
optimum_temperature,70,,-,-,742216
optimum_temperature,70,Bacillus licheniformis,-,X-I,677623
optimum_temperature,70,Bacillus sp. (in:ﬁrmicutes),-,-,"171,595,171,650"
optimum_temperature,70,,-,enzyme component IIfrom strain W1 and strainW2,171591
optimum_temperature,70,,-,enzyme form strain W2and W4,171621
optimum_temperature,70,,-,-,"654,996,663,532,682,000,000,000"
optimum_temperature,70,Bacillus subtilis,-,thermostable variantXynAG3 and chimericenzyme CorAXynAG3,719992
optimum_temperature,70,Caldicellulosiruptorsaccharolyticus,-,-,171655
optimum_temperature,70,Halalkalibacteriumhalodurans,-,at pH 10,679547
optimum_temperature,70,,-,-,"681,342,731,022"
optimum_temperature,70,Irpex lacteus,-,xylanase III,171612
optimum_temperature,70,Malbrancheacinnamomea,-,-,741623
optimum_temperature,70,Malbranchea pulchella,-,-,"171,587,171,596"
optimum_temperature,70,Melanocarpusalbomyces,-,"isozymes Ia, Ib, and Ic",654986
optimum_temperature,70,Penicillium canescens,C3VEV9,-,729182
optimum_temperature,70,Phanerodontiachrysosporium,-,"isoforms xynA, xynC",664683
optimum_temperature,70,F2VRY7,-,717131,
optimum_temperature,70,Rasamsoniabyssochlamydoides,-,xylanase X-b-I and X-b-II,171627
optimum_temperature,70,Rasamsoniabyssochlamydoides,-,xylanase bI,738999
optimum_temperature,70,Rasamsoniabyssochlamydoides,-,xylanase bII,738999
optimum_temperature,70,Saccharopolysporapathumthaniensis,E1APH5,-,717401
optimum_temperature,70,Streptomyces halstedii,Q59922,-,751704
optimum_temperature,70,Termitomycesaurantiacus,-,-,742400
optimum_temperature,70,Thermoanaerobacteriumsaccharolyticum,P36917,-,775899
optimum_temperature,70,Thermoascusaurantiacus,-,mutant N257D,738405
optimum_temperature,70,Thermochaetoidesthermophila,Q8J1V6,-,709894
optimum_temperature,70,Thermochaetoidesthermophila,-,xylanase I,737964
optimum_temperature,70,Thermomyceslanuginosus,-,mutant enzyme,655088
optimum_temperature,70,Thermomyceslanuginosus,-,-,"742,766,742,165,742,000"
optimum_temperature,70,Thermomyceslanuginosus,-,mutant M7,743887
optimum_temperature,70,Thermomyceslanuginosus,O43097,xylanase activity of thefusion enzyme (EG-M-Xyn) of endoglucanase(cellulase) fromTeleogryllus emma andxylanase fromThermomyceslanuginosus,750783
optimum_temperature,70,Thermomyceslanuginosus,Thermopolysporaﬂexuosa,-,recombinant His-taggedenzyme
optimum_temperature,70,Thermomyceslanuginosus,Thermothelomycesfergusii,-,-
optimum_temperature,70,Thermomyceslanuginosus,Thermothelomycesheterothallicus,-,-
optimum_temperature,70,Thermomyceslanuginosus,Thermothelomycesthermophilus,-,-
optimum_temperature,70,Thermomyceslanuginosus,Trichoderma reesei,-,at pH 4.0
optimum_temperature,70,Thermomyceslanuginosus,Trichoderma sp.,-,isozyme EX1
optimum_temperature,70,Thermomyceslanuginosus,[Caldibacillus]cellulovorans,Q9L8L8,recombinant catalyticdomain
optimum_temperature,70 - 75,Thermomyceslanuginosus,-,-,171643
optimum_temperature,75,Acetivibrio thermocellus,A3DJS9,-,737360
optimum_temperature,75,Bacillus licheniformis,-,X-II,677623
optimum_temperature,75,Bacillus sp. (in:ﬁrmicutes),-,-,171645
optimum_temperature,75,Geobacillusstearothermophilus,-,-,171651
optimum_temperature,75,Halalkalibacteriumhalodurans,-,at pH 9,679547
optimum_temperature,75,,-,-,774238
optimum_temperature,75,Paecilomyces sp.'thermophila',D1G4K3,recombinant His-taggedenzyme,707603
optimum_temperature,75,Rasamsoniabyssochlamydoides,-,xylanase X-a,171627
optimum_temperature,75,,-,xylanase A,738999
optimum_temperature,75,Rhizomucor miehei,-,-,717022
optimum_temperature,75,Streptomyces sp.,D1FNQ6,-,746234
optimum_temperature,75,Thermoascusaurantiacus,-,-,742421
optimum_temperature,75,Thermoclostridiumstercorarium,-,-,171615
optimum_temperature,75,,-,xylanase A,171582
optimum_temperature,75,Thermomyces dupontii,-,-,"741,629,741,630"
optimum_temperature,75,Thermomyceslanuginosus,O43097,native and recombinantenzyme,654274
optimum_temperature,75,,O43097,mutant Q1C/Q24C,742096
optimum_temperature,75,,-,-,646829
optimum_temperature,75 - 80,Streptomyces ipomoeae,MK331807,-,750086
optimum_temperature,75 - 80,Thermomyces dupontii,-,-,742661
optimum_temperature,76,Thermoascusaurantiacus,-,-,741753
optimum_temperature,80,Actinomadura sp.,-,recombinant XynS14,717886
optimum_temperature,80,Bacillusamyloliquefaciens,-,-,171646
optimum_temperature,80,Bacillus sp. (in:ﬁrmicutes),-,-,171628
optimum_temperature,80,Halalkalibacteriumhalodurans,M4QNR9,-,737851
optimum_temperature,80,Laetiporus sulphureus,-,-,699053
optimum_temperature,80,Malbrancheacinnamomea,A0A088BC14,-,742680
optimum_temperature,80,Melioribacter roseus,"I7A603,I6Z823,I6Z9A7",-,738862
optimum_temperature,80,Parageobacillusthermantarcticus,-,-,657331
optimum_temperature,80,Pseudothermotogathermarum,F7YXD6,-,729475
optimum_temperature,80,Talaromyces funiculosus,Q5ZNB1,-,718080
optimum_temperature,80,Thermoascusaurantiacus,-,-,"171,601,742,959"
optimum_temperature,80,Thermobiﬁda alba,-,-,171636
optimum_temperature,80,Thermobiﬁda fusca,Q47QL8,"recombinant protein,both with and withoutHis-tag",737932
optimum_temperature,80,Thermoclostridiumstercorarium,-,-,171657
optimum_temperature,80,,-,hydrolysis of xylan,171661
optimum_temperature,80,Thermoclostridiumstercorarium subsp.thermolacticum,-,-,171649
optimum_temperature,80,Thermomonospora sp.,-,-,654413
optimum_temperature,85,Bispora sp. MEY-1,D0QF43,recombinant Xyl10C,708455
optimum_temperature,85,Priestia megaterium,-,-,681810
optimum_temperature,85,Thermothielavioidesterrestris,-,-,742470
optimum_temperature,90,Acidothermuscellulolyticus,-,-,717123
optimum_temperature,90,Aspergillus fumigatus,-,-,682991
optimum_temperature,90,Caldicellulosiruptorowensensis,E4Q2A4,-,745147
optimum_temperature,90,Halalkalibacteriumhalodurans,-,-,729408
optimum_temperature,90,Lentinula edodes,-,"Xyl16-3, pH 5.0",655228
optimum_temperature,90,Saccharolobussolfataricus,-,-,679721
optimum_temperature,90,,Q97YG7,-,692258
optimum_temperature,90,Thermotoga maritima,-,-,663571
optimum_temperature,90,Thermotoga petrophila,A5IL00,-,746962
optimum_temperature,90,[Caldibacillus]cellulovorans,Q9L8L8,recombinant N-terminal+ catalytic domains,656718
optimum_temperature,95,Thermotoga petrophila,A5IL00,-,748630
optimum_temperature,95,additionalinformation,Pseudoalteromonashaloplanktis,Q8RJN8,psychrophilic enzymewith high activity at lowtemperatures and lowthermal stability
temperature_range,,TEMPERATURERANGE,ORGANISM,UNIPROT,COMMENTARY
temperature_range,10 - 55,Pseudopedobactersaltans,F0S6Y3,"recombinant enzyme,activity range, proﬁleoverview",752084
temperature_range,10 - 65,Sphingobacterium sp.TN19,D8L2Y2,the enzyme showsover 65% of itsmaximum activity at20-28°C and about40% at 10°C,707250
temperature_range,10 - 80,Pediococcus acidilactici,-,"native extracellularenzyme, over 65%activity within thisrange, proﬁleoverview",750814
temperature_range,10 - 90,Demequina sp. JK4,B9VSZ3,"enzyme assay range,50% of maximalactivity at 45°C and60°C",709491
temperature_range,100,Thermomyceslanuginosus,-,40% of maximumactivity,742766
temperature_range,20 - 50,Penicillium griseofulvum,-,-,707567
temperature_range,20 - 60,Cladosporium sp.,A0A346PXS9,"20°C: about 40% ofmaximal activity,60°C: about 35% ofmaximal activity",750679
temperature_range,20 - 70,Aspergillus sulphureus,Q3S401,"50% of maximalactivity at 20°C, 20%at 70°C",707197
temperature_range,20 - 70,Nesterenkoniaxinjiangensis,D1KJJ7,"activity range, proﬁle,overview",707216
temperature_range,20 - 80,Bispora sp. MEY-1,D6MYS9,-,707258
temperature_range,20 - 80,Paenibacillus sp.,B6VF01,activity range,717404
temperature_range,20 - 80,Streptomyces avermitilis,Q9X584,"puriﬁed heavierprotein band (42.8kDa), more than 50%of maximum activity",698373
temperature_range,20 - 90,Thermoanaerobacteriumsaccharolyticum,P36917,"the enzyme shows84.1%, 91.5% and97.3% relativeactivities at 40, 50,and 60 °C,respectively,compared to themaximum activity at70°C. At lowertemperatures, suchas 20 and 30°C, theenzyme exhibitsmore than 40%relative activity. Inaddition, the enzymeis active at hightemperatures of 80and 90°C, withrelative activities of52.8 and 30.2%,respectively",775899
temperature_range,20 - 90,Trichoderma reesei,-,"activity range, proﬁle,overview",707911
temperature_range,25 - 60,Dickeya chrysanthemi,-,-,655834
temperature_range,25 - 70,Acidomyces acidophilus,-,-,707765
temperature_range,25 - 75,Bacillus licheniformis,-,"activity range, proﬁleoverview",752334
temperature_range,30 - 45,Duganella sp. PAMC27433,-,the enzyme showsmore than 50%activity between 30and 45°C. Theenzyme displays 12%of its maximumactivity at 4°C and20% activity at 8°C,769515
temperature_range,30 - 45,uncultured bacterium,-,approximately 80%activity is maintainedin intervals of 30 and45°C,775836
temperature_range,30 - 50,Massilia sp. RBM26,A0A0S2I9J6,more than 60% ofmaximum activity,738866
temperature_range,30 - 50,Penicillium occitanis(nom. inval.),-,"more than 75% of theactivity at 30°C,rapidly decrease inactivity above 50°C",718338
temperature_range,30 - 50,Thermochaetoidesthermophila,Q6UN40,-,701091
temperature_range,30 - 50,uncultured bacterium,A0A3G9FT71,"30°C: about 60% ofmaximal activity,50°C: about 50% ofmaximal activity",750245
temperature_range,30 - 55,Bacillus subtilis,P18429,"activity range,inactive at 60°C,temperature proﬁle ofrecombinant His-tagged wild-type andmutant enzymes,overview",710466
temperature_range,30 - 55,Kitasatospora sp.,"A0A3T0YV67,A0A3T0YV60","50% of maximalactivity within thisrange, proﬁleoverview",750084
temperature_range,30 - 60,uncultured bacterium,A0A127JBT0,more than 60% ofmaximum activity,744542
temperature_range,30 - 65,Kitasatospora sp.,"A0A3T0YV67,A0A3T0YV60","50% of maximalactivity within thisrange, proﬁleoverview",750084
temperature_range,30 - 70,Aspergillus fumigatus,-,-,682991
temperature_range,30 - 70,Aspergillus niger,-,"activity range, proﬁle,overview",710686
temperature_range,30 - 70,Bacillus subtilis,A0A172MAU1,"30°C: immobilizedenzyme shows about50% of maximalactivity, solubleenzyme shows about40% of maximalactivity. 70°C:immobilized enzymeshows about 65% ofmaximal activity,soluble enzymeshows about 50% ofmaximal activity",750593
temperature_range,30 - 70,Cellulomonas ﬂavigena,A1XM14,-,697503
temperature_range,30 - 70,Kocuria sp. Mn22,B8XY24,activity range,709503
temperature_range,30 - 70,Paenibacillus sp. E18,-,"proﬁle, overview",707230
temperature_range,30 - 70,Pleurotus ostreatus,A0A2U9Q8K4,"30°C: about 50% ofmaximal activity,70°C: about 35% ofmaximal activity",750334
temperature_range,30 - 70,Streptomycesthermocyaneoviolaceus,Q9RMM4,"native enzyme,activity range, proﬁle,overview",707809
temperature_range,30 - 70,Trichoderma reesei,B2CNY5,30% of maximalactivity at 70°C,709576
temperature_range,30 - 70,Trichoderma sp.,-,"activity range,isozyme EX2",707762
temperature_range,30 - 75,Aspergillus fumigatus,-,more than 60% ofmaximum activity isretained attemperatures rangingfrom 30 to 75Â°C,769929
temperature_range,30 - 75,Streptomyces sp.,-,about 50% ofmaximal activity at50°C and 75°C,654144
temperature_range,30 - 75,Trametes hirsuta,-,"30°C: about 50% ofmaximal activity,75°C: about 30% ofmaximal activity",171629
temperature_range,30 - 80,Streptomyces halstedii,-,"30°C: about 30% ofmaximal activity ofenzyme form Xys1L,about 50% ofmaximal activity ofenzyme form Xys1S,80°C: about 15% ofmaximal activity ofenzyme form Xys1L,about 35% ofmaximal activity ofenzyme form Xys1S",171639
temperature_range,30 - 85,Acetivibrio thermocellus,-,"over 50% of maximalactivity within thisrange, proﬁleoverview",738886
temperature_range,30 - 90,Thermochaetoidesthermophila,G0S9G3,"activity range, proﬁleoverview",750799
temperature_range,30 - 90,Thermotoga maritima,-,"activity range ofmutant hybridenzyme, proﬁle,overview",710126
temperature_range,30 - 90,Trichoderma reesei,-,"activity range of wild-type and mutantenzymes, proﬁle,overview, 30% ofmaximal activity at75°C",710126
temperature_range,30 - 90,,-,"recombinant enzyme,activity range, 45% ofmaximal activity at80°C, proﬁle,overview",707415
temperature_range,30 - 90,Trichoderma sp.,-,"activity range,isozyme EX1",707762
temperature_range,35 - 100,Bispora sp. MEY-1,D0QF43,"activity range, 80% ofmaximal activity at75-90°C, 20% at100°C, and 10% at40°C, proﬁle,overview",708455
temperature_range,35 - 60,Cellulomonas ﬂavigena,-,more than 80% ofmaximum activity,746350
temperature_range,35 - 68,Aspergillus niger,-,more than 68% ofmaximum activity,731024
temperature_range,35 - 75,Streptomycesthermocarboxydus,C6ZHB0,activity range,709555
temperature_range,35 - 75,unculturedmicroorganism,E2DQY5,activity range,717134
temperature_range,37 - 60,Acetivibrio thermocellus,-,more than 50%activity between 37and 60°C,750432
temperature_range,40 - 100,[Caldibacillus]cellulovorans,Q9L8L8,recombinant N-terminal + catalyticdomains,656718
temperature_range,40 - 50,Bacillus licheniformis,B5SYI8,-,697502
temperature_range,40 - 50,Bacillus subtilis,B9ZZN9,activity sharplydecreases below30°C and above 60°C,699055
temperature_range,40 - 55,Aureobasidiummelanogenum,-,more than 75%activity between 40and 55°C,776226
temperature_range,40 - 60,Bacillus subtilis,Q45VU2,"transxylosylation andhydrolysis activitiesare optimal attemperatures of 60°Cand 40°C,respectively",696821
temperature_range,40 - 60,Fusarium oxysporum,-,more than 80% ofmaximal activity at40°C and at 60°C,171637
temperature_range,40 - 60,Penicillium citrinum,Q2PGY1,"recombinant enzyme,over 50% of maximalactivity within thisrange, proﬁleoverview",752115
temperature_range,40 - 60,Trichoderma harzianum,-,"40°C, about 70% ofmaximal activity,60°C: about 30% ofmaximal activity,20000 Da xylanase",171613
temperature_range,40 - 60,Trichoderma sp. TP3-36,-,more than 50%activity between 40and 60°C,776215
temperature_range,40 - 63,Aspergillus ﬂavus,B8NJ86,"over 50% of maximalactivity within thisrange, proﬁleoverview",750988
temperature_range,40 - 65,Alicyclobacillus sp.,D3VWB5,XynA4 shows over50% of maximalactivity within thisrange,717947
temperature_range,40 - 70,Acetivibrio thermocellus,A3DJS9,more than 95% ofmaximum activity,737360
temperature_range,40 - 70,Evansstolkia leycettana,-,"the enzyme showsabout 50% activity at40 C and 40% activityat 70 C. At roomtemperature (23 C),the enzyme is almost",774449
temperature_range,40 - 70,,,inactive(approximately 1%activity),
temperature_range,40 - 70,Fusarium proliferatum,-,89% of maximalactivity at 60°C and14% at 70°C,657201
temperature_range,40 - 70,Streptomyces lividans,-,"40°C: about 50% ofmaximal activity,70°C: about 25% ofmaximal activity",171608
temperature_range,40 - 70,Streptomyces sp. T7,-,"the enzyme showsapproximately 60% ofthe maximum activitywhen assayedbetween 40 and70°C, while more than40% of the enzymeactivity below 20°C orabove 80°C",774465
temperature_range,40 - 75,Bacillus sp. (in:ﬁrmicutes),-,"40°C: about 25% ofmaximal activity ofenzyme from strainW1, about 30% ofmaximal activity ofenzyme from strainW3, 75°C: about 30%of maximal activity,enzyme from strainW1 and W3",171621
temperature_range,40 - 80,Bacillus sp. (in:ﬁrmicutes),-,"40°C: about 20% ofmaximal activity,80°C: about 45% ofmaximal activity",171656
temperature_range,40 - 80,Caldicellulosiruptorsaccharolyticus,-,"40°C: about 30% ofmaximal activity,80°C: about 20% ofmaximal activity",171655
temperature_range,40 - 80,Niallia circulans,-,-,678008
temperature_range,40 - 80,Paenibacilluscampinasensis,Q2I6W5,"activity range,correlation with pH,overview",718337
temperature_range,40 - 80,Saccharopolysporapathumthaniensis,E1APH5,"activity range, proﬁle,overview",717401
temperature_range,40 - 80,Thermochaetoidesthermophila,G0S9G3,"40°C: about 40% ofmaximal activity,80°C: about 50% ofmaximal activity,substrate: xylan",750799
temperature_range,40 - 80,,G0S9G3,"40°C: about 50% ofmaximal activity,80°C: about 50% ofmaximal activity,substrate:carboxymethylcellulose",750799
temperature_range,40 - 85,Acidothermuscellulolyticus,A0LR95,"activity range,inactive below andabove, recombinantenzyme, proﬁleoverview",750497
temperature_range,40 - 85,[Caldibacillus]cellulovorans,Q9L8L8,recombinantcatalytic domain,656718
temperature_range,40 - 90,Bacillusamyloliquefaciens,-,"40°C: about 50% ofmaximal activity,90°C: about 85% ofmaximal activity",171646
temperature_range,40 - 90,Bacillus sp. (in:ﬁrmicutes),-,activity range,717105
temperature_range,40 - 90,Rhizomucor miehei,-,activity range,717022
temperature_range,40 - 90,Talaromycespurpureogenus,A0A2H4RAC5,"recombinant enzyme,over 80% of maximalactivity within thisrange",749635
temperature_range,45 - 55,Fusarium oxysporum,-,more than 70% ofmaximum activitywithin this range,663671
temperature_range,45 - 75,Bacillus pumilus,-,at least 50% activitybetween 45 and 75°C,769914
temperature_range,45 - 85,Geobacillusstearothermophilus,-,"45°C: 28% of maximalactivity, 85°C: 74% ofmaximal activity",171651
temperature_range,5 - 35,Pseudoalteromonashaloplanktis,Q8RJN8,60% of maximalactivity at 5°C,656075
temperature_range,50,Streptomyces coelicolor,Q8CJQ1,98% of maximumactivity,737481
temperature_range,50,Thermoascusaurantiacus,-,"assay at, about 70%of maximum activity",742959
temperature_range,50,Thermoascusaurantiacus var.levisporus,-,80% of maximumactivity,743330
temperature_range,50 - 100,Bacillus subtilis,-,"50°C: about 50% ofmaximal activity,100°C: maximalactivity",751229
temperature_range,50 - 100,Thermobiﬁda alba,-,"50°C: about 40% ofmaximal activity,100°C: about 65% ofmaximal activity",171636
temperature_range,50 - 55,Alternaria mali,-,-,695683
temperature_range,50 - 65,Acrophialophoranainiana,-,rapid decline ofactivity at 65°C,655620
temperature_range,50 - 70,Aspergillus niger,-,activity at 50°C isabout 20% highercompared to activityat 70°C,737497
temperature_range,50 - 70,Rhodothermaceaebacterium RA,A0A1V0DJ74,the enzyme retainsmore than 60% of itsmaximal activity at atemperature rangingfrom 50 to 70Â°C,775585
temperature_range,50 - 70,Streptomyces lividans,-,"50°C: about 60% ofmaximal activity,70°C: about 75% ofmaximal activity",171606
temperature_range,50 - 70,Thermothelomycesheterothallicus,-,activity at 50°C isabout 10% comparedto the activity at 70°C,737497
temperature_range,50 - 70,,-,activity at 50°C isabout 25% comparedto the activity at 70°C,737497
temperature_range,50 - 70,Thermothelomycesthermophilus,-,activity at 50°C isabout 5% comparedto the activity at 70°C,737497
temperature_range,50 - 70,Trichoderma reesei,-,activity at 50°C isslightly higher thanactivity at 70°C,737497
temperature_range,50 - 75,Bacillus sp. (in:ﬁrmicutes),-,"50°C: about 50% ofmaximal activity,75°C: about 60% ofmaximal activity",171621
temperature_range,50 - 80,Acidothermuscellulolyticus,A0LR95,"about 60% activity at50°C, about 750%activity at 60°C, 100%activity at 70°C,about 90% activity at80°C, no activity at90°C",750497
temperature_range,50 - 80,Bacillus sp. (in:ﬁrmicutes),-,"50°C: about 30% ofmaximal activity,80°C: about 20% ofmaximal activity,enzyme form strainW4",171621
temperature_range,50 - 85,Thermomyceslanuginosus,-,about 50% ofmaximal activity at50°C and at 85°C,171643
temperature_range,50 - 85,Thermopolysporaﬂexuosa,-,"recombinant His-tagged enzyme,inactive at 90°C",707229
temperature_range,55 - 60,Pseudozyma hubeiensis,-,PhX20,707766
temperature_range,60 - 100,Acidothermuscellulolyticus,-,"activity range, pH-dependent: at 100°Cactivity occurs at pH4.0-6.0, at 60°Cactivity occurs at pH5.0-8.0, overview",717123
temperature_range,60 - 100,Saccharolobussolfataricus,-,-,679721
temperature_range,60 - 65,Pseudozyma hubeiensis,-,PhX33,707766
temperature_range,60 - 80,Bacillus sp. (in:ﬁrmicutes),-,"60°C: about 50% ofmaximal activity,80°C: about 80% ofmaximal activity",171645
temperature_range,60 - 80,Thermobiﬁda fusca,Q47QL8,"more than 60% ofmaximum activity,recombinant protein,both with andwithout His-tag",737932
temperature_range,60 - 90,Thermoclostridiumstercorarium,-,"60°C: about 50% ofmaximal activity,90°C: about 20% ofmaximal activity",171661
temperature_range,65 - 75,Penicillium canescens,C3VEV9,more than 80% ofmaximum activity,729182
temperature_range,65 - 85,Streptomyces ipomoeae,MK331807,"65°C: about 45% ofmaximal activity,85°C: about 50% ofmaximal activity",750086
temperature_range,70,bacterium enrichmentculture clone Xyl8B8,H9ZGD1,65% residual activity,730872
temperature_range,70,Geobacillusstearothermophilus,-,18% of maximumactivity,738190
temperature_range,70 - 100,Thermotoga petrophila,A5IL00,"70°C: about 40% ofmaximal activity,100°C: about 70% ofmaximal activity",748630
temperature_range,70 - 75,Thermomyceslanuginosus,-,-,171643
temperature_range,70 - 85,Thermoascusaurantiacus,-,"70°C: about 70% ofmaximal activity,85°C: about 10% ofmaximal activity",171601
temperature_range,75,Thermomyceslanuginosus,-,assay at,742214
temperature_range,80,Geobacillusstearothermophilus,-,9% of maximumactivity,738190
temperature_range,80,Halalkalibacteriumhalodurans,-,80% of maximumactivity,731022
temperature_range,80,Thermomyceslanuginosus,-,rapid loss of activityabove,742165
temperature_range,80 - 90,Laetiporus sulphureus,-,"activity decreasesrapidly attemperatures over80°C, but still retainsapproximately 70%relative activity at90°C",699053
temperature_range,80 - 95,Saccharolobussolfataricus,Q97YG7,"80°C: about 40% ofmaximal activity,",692258
temperature_range,80 - 95,,,95°C: about 40% ofmaximal activity,
temperature_range,85,Thermomyceslanuginosus,-,more than 50% ofmaximum activity,646829
temperature_range,85,additionalinformation,Carica papaya,Q8GTJ2,rapid decline inactivity above 45°C
temperature_range,85,additionalinformation,Trichoderma reesei,-,temperature-dependence ofactivity of wild-typeand mutant enzymes
temperature_stability,,TEMPERATURESTABILITY,ORGANISM,UNIPROT,COMMENTARY
temperature_stability,0 - 45,Pomacea insularus,-,"pH 6.9, 10 min, stable",171584
temperature_stability,0 - 50,Penicillium citrinum,-,"the retention of 50% of its maximum activity is observedat 0°C, retains 65% of its activity after 1-4 h incubation at50°C",681711
temperature_stability,10,Sphingobacterium sp.TN19,D8L2Y2,"puriﬁed recombinant enzyme, pH 6.5, 40% remainingactivity",707250
temperature_stability,100,Bacillus licheniformis,-,"partially puriﬁed extracellular xylanase, inactivation after120 min",752334
temperature_stability,100,bacterium enrichmentculture clone Xyl8B8,H9ZGD1,"30 min, 28% residual activity",730872
temperature_stability,100,Halalkalibacteriumhalodurans,-,"3 h, no loss of activity",731022
temperature_stability,100,Lentinula edodes,-,"1 h, puriﬁed Xyl16-3, 50% remaining activity",655228
temperature_stability,100,Saccharolobussolfataricus,-,half-life of 47 min at 100°C,679721
temperature_stability,100,Thermoclostridiumstercorarium,-,"pH 7.0, 10 min, about 40% loss of activity. pH 5.5, 10 min,complete inactivation",171657
temperature_stability,100,,-,"10 min, retains 50% of its activity at pH 6.1, retains 58% ofits activity at pH 6.4, completly inactivated at pH 5.8",171661
temperature_stability,100,Thermomonospora sp.,-,half-life 15 min,654413
temperature_stability,100,Thermomyces dupontii,-,half-life 60 min,741629
temperature_stability,100,,-,half-life 1 h,741630
temperature_stability,100,[Caldibacillus]cellulovorans,Q9L8L8,15% remaining activity of recombinant N-terminal +catalytic domains,656718
temperature_stability,110,Aspergillus fumigatus,-,60% of XylF2 activity is retained at 110°C,682991
temperature_stability,20,Sphingobacterium sp.TN19,D8L2Y2,"puriﬁed recombinant enzyme, pH 6.5, 65% remainingactivity",707250
temperature_stability,20 - 50,Demequina sp. JK4,B9VSZ3,"puriﬁed recombinant enzyme, stable",709491
temperature_stability,20 - 60,Lentinula edodes,-,"more than 50% of the optimal xylanase activity is retainedwhen the temperature is increased from 20 to 60°C after240 min, at 40°C the xylanase maintains 93% of theoptimal activity after a 240 min reaction, the enzymeretains 78.12% and 41.64% of the maximum activity at 50and 60°C, respectively. at temperatures up to 60°C,xylanase activity decreases sharply with time",681351
temperature_stability,20 - 70,Acidothermuscellulolyticus,A0LR95,"puriﬁed recombinant enzyme, 30 min, completely stableat 20-50°C, 90% activity is retained at 60°C, and 70% at70°C, inactivation at 80°C",750497
temperature_stability,20 - 70,Thermobiﬁda alba,-,"1 h, stable",171636
temperature_stability,20 - 80,Acidothermuscellulolyticus,A0LR95,"the enzyme remains completely stable from 20 to 50°C,while about 90 and 70% of the activity is retained at 60and 70°C after 30 min. The melting temperature is 80°C",750497
temperature_stability,25,Euphausia superba,-,"stable up to for at least 10 min, rapid inactivation above,isozymes A and B",655257
temperature_stability,30,Bacillus sp. (in:ﬁrmicutes),-,stable for up to 72 h,667012
temperature_stability,30,Cladosporium sp.,A0A346PXS9,"3 h, 50% loss of activity",750679
temperature_stability,30,,A0A346PXS9,"puriﬁed recombinant enzyme, 3 h, loss of 50% activity",750679
temperature_stability,30,Cutaneotrichosporoncutaneum,-,"7 days, 55% loss of activity",171625
temperature_stability,30,Penicilliumgriseofulvum,-,"stable at 30°C for 60 min, with more than 95% of theactivity remaining",677745
temperature_stability,30,,-,"puriﬁed recombinant PgXynB is stable at 30 °C, pH 4.5 for240 min, with more than 85% of the activity remaining",707567
temperature_stability,30,Talaromycesfuniculosus,Q9HFH0,"stable at 30°C for 60 min, with more than 95% of theactivity remaining",677745
temperature_stability,30,Thermochaetoidesthermophila,Q8J1V6,"puriﬁed recombinant enzyme expressed from gene withintron, half-life is 1959 min",709894
temperature_stability,30,unculturedmicroorganism,E2DQY5,"xylan as substrate, remains stable after treatment for 1 h",717134
temperature_stability,30 - 40,Bacillus cereus,-,"the enzyme displays thermostability at 30°C and 40°Cwith 48.56% and 45.97% remaining activity after 180 min,respectively. At 50 °C, the enzyme loses about 46% of itsactivity after 40 min",770012
temperature_stability,30 - 45,Aspergillus tubingensis,-,"3 h, completely stable",707209
temperature_stability,30 - 50,Aspergillus ﬂavus,B8NJ86,"puriﬁed native, stable at",750988
temperature_stability,30 - 50,,B8NJ86,"puriﬁed native, 30% activity remaining",750988
temperature_stability,30 - 50,Bacillus sp. (in:ﬁrmicutes),-,"puriﬁed enzyme, highly stable at",717091
temperature_stability,30 - 50,Sphingobacterium sp.TN19,D8L2Y2,"puriﬁed recombinant enzyme, pH 6.5, over 80% remainingactivity, above 50°C the enzyme activity decreases rapidlyafter 10 min preincubation",707250
temperature_stability,30 - 50,unculturedmicroorganism,E2DQY5,"puriﬁed recombinant RuCelA, 1 h, stable",717134
temperature_stability,30 - 55,Neocallimastixpatriciarum,A8TGA1,"at temperatures below 30°C and above 55°C, enzymeactivity is less than 50% of that at the optimaltemperature",695791
temperature_stability,30 - 70,Streptomycesthermocyaneoviolaceus,Q9RMM4,"puriﬁed enzyme, 1 h, 65% activity remaining at 70°C,completely stable at 30-60°C, overview",707809
temperature_stability,35,Cladosporium sp.,A0A346PXS9,"1 h, 50% loss of activity",750679
temperature_stability,35,,A0A346PXS9,"puriﬁed recombinant enzyme, 1 h, loss of 50% activity",750679
temperature_stability,35,Cutaneotrichosporoncutaneum,-,"pH 5.0, 10 min, stable at or below",171625
temperature_stability,35,Termitomycesclypeatus,-,"1 h, stable",171630
temperature_stability,35,Trametes hirsuta,-,"10 min, stable",171629
temperature_stability,35 - 55,Thermothelomycesthermophilus,-,-,742765
temperature_stability,37,Massilia sp. RBM26,A0A0S2I9J6,"1 h, more than 96% residual activity",738866
temperature_stability,37,Streptomyces lividans,-,"pH 6.0, 24 h, stable",171606
temperature_stability,37 - 50,Bacillus pumilus,-,"all isozymic forms show 100% activity at 37°C after 6 h.After 3 h, isoforms X-I, X-II, X-III, X-IV, and X-V retainnearly 86, 85, 85, 82, and 80% residual activity at 45°Cand activity is reduced to 38-42% at 50°C",769914
temperature_stability,Apr-50,Streptomyces halstedii,-,"1 h, pH 6.3, stable",171639
temperature_stability,40,Aspergillus luchuensis,P33557,"mutant T64S, 30 min, 77% resiudal activity",739002
temperature_stability,40,Aspergillus niger,-,"15 min, signiﬁcant inactivation",171633
temperature_stability,40,,-,"puriﬁed native enzyme, pH 7.0, 120 min, 80% activityremaining",710686
temperature_stability,40,Bacillus licheniformis,-,X-I and X-II are 100% stable after 1 h at 40°C,677623
temperature_stability,40,Bacillus pumilus,-,"pH 5.0 or pH 8.5, 30 min, enzyme retains more than 85%of its activity",171624
temperature_stability,40,Bacillus sp. (in:ﬁrmicutes),-,"pH 6.0, 10 min, enzyme component I from strain W1, stableup to",171595
temperature_stability,40,Cladosporium sp.,A0A346PXS9,"20-30 min, complete inactivation",750679
temperature_stability,40,,A0A346PXS9,"puriﬁed recombinant enzyme, 20-30 min, completeinactivation",750679
temperature_stability,40,Duganella sp. PAMC27433,-,the half-life of the enzyme at 40°C is approximately 30min,769515
temperature_stability,40,Luteimicrobiumxylanilyticum,A0A286LNP2,"C-terminal truncated mutant, loss of activity above 40°C",745089
temperature_stability,40,Malbranchea pulchella,-,"1 h, xylanase A is stable, 25% loss of activity of xylanase B",171587
temperature_stability,40,Naganishia albida,-,"5 min, stable",171631
temperature_stability,40,Penicillium citrinum,Q2PGY1,stable up to,665763
temperature_stability,40,,B1B533,"remains stable up to 40°C, loses its activity at 80°C",699042
temperature_stability,40,,Q2PGY1,"puriﬁed recombinant extracellular deglycosylated enzyme,6 h, over 80% activity remains",752115
temperature_stability,40,Pseudopedobactersaltans,F0S6Y3,"puriﬁed recombinant enzyme, pH 6.0, 90 min, stable up to",752084
temperature_stability,40,Schizophyllumcommune,-,stable up to,664785
temperature_stability,40,Streptomycesolivaceoviridis,-,"1 h, inactivation above",171659
temperature_stability,40,Streptomyces sp.,F8WSY7,stable up to,729010
temperature_stability,40,Talaromycespurpureogenus,A0A2H4RAC5,"puriﬁed recombinant enzyme, pH 6.5, 24 h, completelystable",749635
temperature_stability,40,Termitomycesclypeatus,-,"4 h, 65% loss of activity",171630
temperature_stability,40,Thermochaetoidesthermophila,Q8J1V6,"puriﬁed recombinant enzyme expressed from gene withintron, half-life is 959 min",709894
temperature_stability,40,Trichoderma harzianum,-,"1 h, 20000 Da enzyme form is stable",171613
temperature_stability,40,Trichodermainhamatum,-,2.2 h at 40°C and 2 min at 50°C,695668
temperature_stability,40,Trichoderma reesei,-,"20 h, 10% loss of activity of xylanase I, xylanase II is stable",136301
temperature_stability,40,unculturedmicroorganism,E2DQY5,"xylan as substrate, remains stable after treatment for 1 h",717134
temperature_stability,40 - 50,Pediococcusacidilactici,-,"puriﬁed extracellular enzyme, 2 h, over 80% activityremaining",750814
temperature_stability,40 - 60,Evansstolkia leycettana,-,"at 60 C, the enzyme gradually loses activity, exhibitingabout half activity after 3 h. At 50 C, the enzyme is fullystable for 2 h and then the activity starts to decline. At 40C, the enzyme retains activity for 3 h, but upon a longerincubation, the activity is reduced",774449
temperature_stability,40 - 60,Marinimicrobium sp.LS-A18,A0A411LPM1,"the enzyme activity does not change after incubation at40°C for 2 h, however, it signiﬁcantly decreases afterincubation at 50°C or 60°C. The enzyme retains 14.8% and2.8% of its activity after incubation at 50°C and 60°C for30 min, respectively",768777
temperature_stability,40 - 60,Trichoderma sp.,-,"puriﬁed isozyme EX1, stable at temperatures below 40°C,retains 50% activity after incubation at 50°C for 30 h, butit loses its activity rapidly at 60°C for 1 h",707762
temperature_stability,43,Streptomyces lividans,-,"pH 6.0, 24 h, about 20% loss of activity",171606
temperature_stability,45,Aspergillus niger,I3QKR9,"1 h, the wild-type enzyme almost completely loses itsactivity",751243
temperature_stability,45,Aspergillus ochraceus,-,"37.5% loss of activity after 90 min, stable up to 30 min",171654
temperature_stability,45,Aureobasidiummelanogenum,-,the enzyme shows a half-life of 169 h at 45 °C and pH 4.5.Under these conditions and in the presence of Ca2+ (10mM) the enzyme is even more stable (half-life of 231 h),776226
temperature_stability,45,Bacillus pumilus,Q5EFR9,"puriﬁed recombinant enzyme, 2 h, stable",717410
temperature_stability,45,Cellulomonas uda,-,"1 h, 5% loss of activity",136300
temperature_stability,45,Dickeya chrysanthemi,-,"instable above, loss of secondary structure and activity",655834
temperature_stability,45,Euphausia superba,-,"complete loss of activity within 5 min, isozymes A and B",655257
temperature_stability,45,Penicillium citrinum,Q2PGY1,"puriﬁed recombinant extracellular deglycosylated enzyme,70% activity remains after 30 min, 17% after 3 h, and 6%after 5 h",752115
temperature_stability,45,Penicillium occitanis(nom. inval.),-,"puriﬁed enzyme, 1 h, 91% activity remaining",718338
temperature_stability,45,Penicilliumsclerotiorum,-,half-life of both isozymes is about 210 min,707211
temperature_stability,45,Pomacea maculata,Q7Z1V6,"recombinant EGXA and wild-type EGX lose activity quicklywhen Cl- is at a low concentration. In the presence of 50mM Cl-, the rtEGXA(cid:0)s activity loss is only 15% after 5 hincubation at 45°C. Wild-type EGX loses activity at a fasterspeed than the recombinant EGXA, in both 0.5 mM Cl- and50 mM Cl-. Cellulose-binding domain increases thermalstability of the recombinant enzyme",695295
temperature_stability,45,Pseudopedobactersaltans,F0S6Y3,"puriﬁed recombinant enzyme, pH 6.0, 90 min, loss of 50%activity",752084
temperature_stability,45,Talaromycesfuniculosus,Q8J0K5,stable for 60 min,664181
temperature_stability,45,Thermochaetoidesthermophila,Q8J1V6,"puriﬁed recombinant enzyme expressed from gene withintron, 10 min, 100% activity remaining",709894
temperature_stability,45,Trametes hirsuta,-,"30 min, stable up to",171629
temperature_stability,45,Trichodermalongibrachiatum,-,"pH 5.0, 4.5 h, 50% loss of activity",171647
temperature_stability,45,Trichoderma viride,-,rapid loss of activity above,171623
temperature_stability,45 - 50,uncultured bacterium,-,the enzyme remains stable when subjected to heattreatments of 45 and 50 °C for up to 1 h,775836
temperature_stability,45 - 55,Alternaria mali,-,slight decrease in xylanase activity between 45°C (93.4%)and 55°C (97.7%). Enzyme activity is rapidly reduced to,695683
temperature_stability,45 - 55,,,"59.3% when the temperature is at 60°C, and there isnegligible activity (5.4%) above 80°C",
temperature_stability,45 - 55,Kitasatospora sp.,"A0A3T0YV67,A0A3T0YV60","puriﬁed recombinant enzyme, pH 5.0, stable for 120 min",750084
temperature_stability,45 - 60,Nesterenkoniaxinjiangensis,D1KJJ7,"puriﬁed enzyme, pH 7.0, 60 min, 80% activity remaining",707216
temperature_stability,48,Aspergillus niger,-,"pH 5.5-5.6, half-life: 40 h",171598
temperature_stability,25-May,Cladosporium sp.,A0A346PXS9,"puriﬁed recombinant enzyme, 3 h, over 90% activityremaining",750679
temperature_stability,50,Acrophialophoranainiana,-,half-life 120 h,655620
temperature_stability,50,Albiﬁmbria verrucaria,-,"pH 5, half-life: 16 min",171652
temperature_stability,50,Aspergillus cf. nigerBCC14405,Q6QA21,"30 min, 60% residual activity",665441
temperature_stability,50,Aspergillus ﬂavus,B8NKE9,"puriﬁed extracellular enzyme, stable up to",752113
temperature_stability,50,Aspergillus giganteus,-,"xylanase I, half-life 22.5 min, xylanase II, half-life 17.5 min",665016
temperature_stability,50,Aspergillus niger,-,stable for at least 90 min,664489
temperature_stability,50,,-,"puriﬁed native enzyme, pH 5.0-7.0, 86% residual activityafter 45 min, the crude enzyme retains only 6% of theinitial activity",710686
temperature_stability,50,Aspergillus ochraceus,-,87.5% loss of activity after 90 min,171654
temperature_stability,50,Aspergillus sulphureus,Q3S401,"puriﬁed recombinant enzyme, half-life is 30 min",707197
temperature_stability,50,Aspergillus tubingensis,-,"after 1 h 85.9% activity remaining, after 3 h 65.4% activityremaining",707209
temperature_stability,50,Bacillusamyloliquefaciens,-,stable for several days,171646
temperature_stability,50,Bacillus licheniformis,-,X-I retains more than 90% of hydrolytic activity after 1 h ofheating at 50°C,677623
temperature_stability,50,,B5SYI8,"is stable at temperatures up to 50°C. At 55°C, more thanhalf of the activity is lost, and no activity remains at 60°C",697502
temperature_stability,50,,-,"partially puriﬁed extracellular xylanase, completely stablefor 30 min, loss of 50% activity after 120 min",752334
temperature_stability,50,Bacillus pumilus,-,half-life: 30 min,171586
temperature_stability,50,,-,"30 min, 50% loss of activity",171624
temperature_stability,50,Bacillus sp. (in:ﬁrmicutes),-,"pH 6.0, 10 min, enzyme component I from strain W2, stableup to",171595
temperature_stability,50,,Q84F19,"3 h, stable",664690
temperature_stability,50,,-,"puriﬁed native enzyme, stable",708851
temperature_stability,50,Bacillus subtilis,B9ZZN9,the half-life of the recombinant protein at 50°C is 65 minwhereas it is approximately 25 min at 60°C. The enzyme isnot stable at 70°C and it loses almost all of its activityeven 5 min after incubation,699055
temperature_stability,50,Cellulomonas uda,-,"1 h, 24% loss of activity",136300
temperature_stability,50,Cellulosimicrobiumcellulans,T2M1V1,"30 min, 50% residual activity",731029
temperature_stability,50,Cellulosimicrobium sp.,B2BZ80,stable below for at least 1 h,737466
temperature_stability,50,Cohnella sp. AR92,-,"isoforms Xyn10A and CoXyn10C are efficient at moderatetemperatures; however, their half-life time as a function ofthe activity at 50°C is of 120 min and 60 min with a",768810
temperature_stability,50,,"residual activity of 48% and 52%, respectively. IsoformXyn11A shows a loss of approximately 60% of its activityafter 20 min of incubation at 50°C",,
temperature_stability,50,Cutaneotrichosporoncutaneum,-,"10 min, complete loss of activity",171625
temperature_stability,50,Fusarium commune,"A0A0F7MX47,A0A0F7MYK0,A0A0F7N1T1","1 h, more than 40% resiudal activity",738135
temperature_stability,50,Malbranchea pulchella,-,"pH 6.7, 30 min, stable",171587
temperature_stability,50,Melanocarpusalbomyces,-,stable,738730
temperature_stability,50,Melanocarpusalbomyces,-,"pH 5-10, stable for 24 h, both isoforms xylanase IA andxylanase IIIA",738730
temperature_stability,50,Microcella alkaliphila,A0A0U5B5Z4,half-life 48 h,738192
temperature_stability,50,Naganishia albida,-,"10 min, 5% loss of activity",171631
temperature_stability,50,Naganishia albida,-,"pH 5.4, 0.1 M NaCl, half-life: 7 min",171585
temperature_stability,50,Paecilomyces sp.'thermophila',D1G4K3,"recombinant His-tagged enzyme, 30 min, over 90%activity remaining",707603
temperature_stability,50,Paenibacilluscurdlanolyticus,B1A3N2,-,699498
temperature_stability,50,Penicillium occitanis(nom. inval.),-,"puriﬁed enzyme, 1 h, 70% activity remaining",718338
temperature_stability,50,Penicilliumsclerotiorum,-,half-life of both isozymes is about 80 min,707211
temperature_stability,50,Phanerodontiachrysosporium,-,"isoform xynB, stable up to",664683
temperature_stability,50,Pseudopedobactersaltans,F0S6Y3,"puriﬁed recombinant enzyme, pH 6.0, 90 min, loss of 70%activity",752084
temperature_stability,50,Saccharopolysporapathumthaniensis,E1APH5,"puriﬁed enzyme, 2 h, stable",717401
temperature_stability,50,Schizophyllumcommune,P35809,"5 min, 40% residual activity",729654
temperature_stability,50,Staphylococcus sp.,-,half-life: 240 min,171641
temperature_stability,50,Streptomycescoelicolor,Q8CJQ1,"1 h, 90% residual activity",737481
temperature_stability,50,Streptomycesgriseorubens,-,"1 h, 60% residual activity",745416
temperature_stability,50,Streptomyces lividans,-,"pH 6.0, 24 h, about 80% loss of activity",171606
temperature_stability,50,Streptomyces sp.,-,Xyl1-Xyl3 are stable for 16 h,655355
temperature_stability,50,Streptomyces sp.,F7J663,"stable up to, for 1 h",730370
temperature_stability,50,C6FX34,"puriﬁed recombinant enzyme, 1 h, 95% remaining activity,rapid decrease in activity above 60°C",707196,
temperature_stability,50,Talaromycesfuniculosus,Q8J0K5,"5 min, 25% residual activity",664181
temperature_stability,50,Talaromyces pinophilus,-,isozyme III is stable below,655807
temperature_stability,50,Talaromyces pinophilus,A0A6N4SL16,the enzyme is stable at temperatures of up to 50°C during24 h of incubation at pH 4.0,768726
temperature_stability,50,Thermoascusaurantiacus,-,"12 weeks, more than 50% residual activity",742421
temperature_stability,50,Thermoascusaurantiacus,Thermoascusaurantiacus var.levisporus,-,"90 min, 70% residual activity"
temperature_stability,50,Thermoascusaurantiacus,Thermochaetoidesthermophila,Q8J1V6,"puriﬁed recombinant enzyme expressed from gene withintron, half-life is 176 min"
temperature_stability,50,Thermoascusaurantiacus,,-,"stable for 24 h, xylanase I, xylanase II"
temperature_stability,50,Thermoascusaurantiacus,Thermomyces dupontii,-,stable for 7 days
temperature_stability,50,Thermoascusaurantiacus,,-,"pH 7-8, stable for 7 days"
temperature_stability,50,Thermoascusaurantiacus,Thermomyceslanuginosus,-,"24 h, 50% residual activity"
temperature_stability,50,Thermoascusaurantiacus,,-,"pH 6.5, 51 h, 100% residual activity"
temperature_stability,50,Thermoascusaurantiacus,,O43097,"t1/2: 693 min, fusion enzyme (EG-M-Xyn) ofendoglucanase (cellulase) from Teleogryllus emma andxylanase from Thermomyces lanuginosus, xylanaseactivity"
temperature_stability,50,Thermoascusaurantiacus,,O43097,"t1/2: 173 min, fusion enzyme (EG-M-Xyn) ofendoglucanase (cellulase) from Teleogryllus emma andxylanase from Thermomyces lanuginosus, endoglucanaseactivity"
temperature_stability,50,Thermoascusaurantiacus,Thermothelomycesheterothallicus,-,"pH 5.0, 24 h, 80% remaining activity"
temperature_stability,50,Thermoascusaurantiacus,Trametes hirsuta,-,"30 min, stable"
temperature_stability,50,Thermoascusaurantiacus,Trichoderma harzianum,-,"1 h, 29000 Da enzyme form is stable"
temperature_stability,50,Thermoascusaurantiacus,Trichoderma reesei,-,"20 h, 27% loss of activity of xylanase I and II"
temperature_stability,50,Thermoascusaurantiacus,,B2CNY5,"puriﬁed recombinant enzyme, 30 min, 94% activityremaining"
temperature_stability,50,Thermoascusaurantiacus,,B2CNY5,over 85% activity remaining after 30 min
temperature_stability,50,Thermoascusaurantiacus,,-,"puriﬁed enzyme, 30 min, loss of less that 10% activity"
temperature_stability,50,Thermoascusaurantiacus,unculturedmicroorganism,E2DQY5,"xylan as substrate, remains stable after treatment for 1 h"
temperature_stability,50 - 60,Acetivibriothermocellus,-,"the enzyme activity remains stable after 16 h at 50°C. At60°C, the enzyme shows less than 40% activity after 3 h",750432
temperature_stability,50 - 60,Rhodothermaceaebacterium RA,A0A1V0DJ74,"the enzyme shows a half-life of 1 h at 60Â°C. When thepre-incubation is carried out at 50Â°C, the enzyme retains80% of its maximal activity for 5 h. The protein is unstableat 70Â°C",775585
temperature_stability,50 - 60,Streptomyces fradiae,A7TVD4,remains stable at 50°C after incubation for 30 min at pH7.8. More than 40% of the activity is retained after treatingthe enzyme at 60°C for 5 min,699489
temperature_stability,50 - 60,Trichoderma sp.,-,"puriﬁed EX2, 48 h, 50% activity remaining",707762
temperature_stability,50 - 65,Aspergillus fumigatus,-,"the enzyme is stable at 50 and 55Â°C, while activitydecreases to 60% when incubated at 60Â°C for 6 h and19% after 15 min at 65Â°C. The enzyme has a meltingtemperature of 63.3Â°C",769929
temperature_stability,50 - 65,Streptomyces cyaneus,-,"the half-lives of xylanase at 50°C and 65°C areapproximately 200 and 50 min, respectively",678757
temperature_stability,50 - 80,Streptomyces sp. S9,B4XVN1,retains more than 65% of the maximum activity,695801
temperature_stability,50 - 85,Priestia megaterium,-,remains stable at 50°C for 20 min and at 85°C for 7 min,681810
temperature_stability,52 - 65,Bacillus subtilis,-,the enzyme activity decreases above 52°C showing noresidual activity above 65°C when pre-incubated for 2 min,770731
temperature_stability,55,Acrophialophoranainiana,-,puriﬁed enzyme is stable for 44 h,656332
temperature_stability,55,Aspergillus caespitosus,-,"isoform xyl I, half-life 27.3 min, xyl II, half-life above 90 min",666701
temperature_stability,55,Aspergillus niger,I3QKR9,"1 h, mutant enzyme T205C/A52C retains more than 80%of its initial activity",751243
temperature_stability,55,Bacillusamyloliquefaciens,-,"pH 6.8, 15 min, stable up to",171646
temperature_stability,55,Bacillus sp. (in:ﬁrmicutes),-,"pH 5.3, stable for 3 days",171656
temperature_stability,55,,-,"30 min, 70% loss of activity, recombinant enzyme",171650
temperature_stability,55,,-,sharp decline in activity above at pH 6.0,654996
temperature_stability,55,Cellulomonas uda,-,half-life,136300
temperature_stability,55,Fusarium proliferatum,-,"fully stable up to, 30 min, pH 5.0",657201
temperature_stability,55,Kocuria sp. Mn22,B8XY24,"puriﬁed recombinant enzyme, 60 min, 70% activityremaining",709503
temperature_stability,55,Niallia circulans,P09850,"the wild type enzyme retains 34% residual activity after 5min at 55°C, while mutant enzyme R49N retains 43%residual activity after 5 min at 55°C",769727
temperature_stability,55,Paenibacillus sp.,A0A075EEX4,"4 h, 65% residual activity",730187
temperature_stability,55,Penicilliumsclerotiorum,-,half-life of both isozymes is 50 min,707211
temperature_stability,55,Ruminococcusﬂavefaciens,-,"half-life of the catalytic domain XYLA-A1 is 20 min, half-life of the catalytic domain XYLA-C2 is 50 min",171648
temperature_stability,55,Staphylococcus sp.,-,half-life: 30 min,171641
temperature_stability,55,Streptomyces sp.,-,"pH 5.5, 30 min, stable","171,592,171,594"
temperature_stability,55,,-,"10 min, stable up to",171619
temperature_stability,55,,-,"30 min, stable",171660
temperature_stability,55,Talaromyces pinophilus,-,isozymes I and II are stable below,655807
temperature_stability,55,Termitomycesaurantiacus,-,"10 days, about 90% residual activity",742400
temperature_stability,55,Thermomyceslanuginosus,-,"30 min, stable up to",171617
temperature_stability,55,,-,"10 days, about 90% residual activity",742400
temperature_stability,55,,-,"pH 10, stable for 5 h",646829
temperature_stability,55,Trichoderma reesei,LC132960,"30 min, almost complete loss of activity for wild-type, 9%residual activity for mutant Q286A/N340Y",744124
temperature_stability,55,unculturedmicroorganism,I6M1A2,"2 h, 90% residual activity",731026
temperature_stability,55 - 85,Bacillus subtilis,-,"30 min, enzyme retains more than 70% of its initial activity",751229
temperature_stability,55.2,Teredinibacter turnerae,C5BJ89,melting temperature of apoenzyme,749504
temperature_stability,56,Aspergillus nidulans,-,"9 h, more than 90% of maximal activity remains",171658
temperature_stability,57.3,Teredinibacter turnerae,C5BJ89,apoenzyme with xylan,749504
temperature_stability,58.9,Talaromyces pinophilus,W8VR85,"wild-type, melting temperature",737727
temperature_stability,60,Acrophialophoranainiana,-,half-life 2 h,655620
temperature_stability,60,-,puriﬁed enzyme is stable for 1 h,656332,
temperature_stability,60,Alicyclobacillus sp.,D3VWB5,"puriﬁed recombinant XynA4, 1 h, pH 7.0, over 90% activityremaining, half-life is 394 min",717947
temperature_stability,60,Aspergillus ﬂavus,B8NJ86,"puriﬁed native, inactivation",750988
temperature_stability,60,Aspergillus fumigatus,-,"30 min, 40% residual activity",737935
temperature_stability,60,Aspergillus giganteus,-,"xylanase I, half-life 1.5 min, xylanase II, half-life 1.5 min",665016
temperature_stability,60,Aspergillus nidulans,-,half-life: 26 min,171658
temperature_stability,60,Aspergillus niger,-,half-life of 115 min,664489
temperature_stability,60,Aspergillus versicolor,-,half-life 1.7 min,666703
temperature_stability,60,Bacillus licheniformis,-,X-II retains more than 90% of hydrolytic activity after 1 hof heating at 60°C,677623
temperature_stability,60,Bacillus licheniformis,-,"partially puriﬁed extracellular xylanase, loss of 10% activityafter 60 min, loss of 55% activity after 120 min",752334
temperature_stability,60,Bacillus pumilus,-,complete inactivation in 15 min,"171,586,171,624"
temperature_stability,60,Bacillus pumilus,Q5EFR9,"puriﬁed recombinant enzyme, 1 h, over 50% activityremaining",717410
temperature_stability,60,Bacillus sp. (in:ﬁrmicutes),-,"pH 5.3, 93% loss of activity after 1 day",171656
temperature_stability,60,Bacillus sp. (in:ﬁrmicutes),-,stable,171645
temperature_stability,60,Bacillus sp. (in:ﬁrmicutes),-,stable up to,171621
temperature_stability,60,Bacillus sp. (in:ﬁrmicutes),-,"pH 6.0, 10 min, enzyme component II from strain W1 andW2, stable up to",171595
temperature_stability,60,Bacillus sp. (in:ﬁrmicutes),-,"puriﬁed enzyme, 5 h, 95% activity remaining",717105
temperature_stability,60,Bacillus subtilis,-,"50% ﬁnal residual activity in presence of 0.5 M trehaloseas well as 8fold increased half-life of XylII and 2.5fold ofXylI, inactivation in absence of trehalose",655381
temperature_stability,60,Bacillus subtilis,-,the wild type enzyme completely loses activity afterpreincubation at 60°C,677993
temperature_stability,60,Bacillus subtilis,Q45VU2,"glycosylated recombinant enzyme, 30 h, 50% remainingactivity. Unglycosylated native enzyme, 12 h, 50% activityremaining",707810
temperature_stability,60,Bispora sp. MEY-1,D6MYS9,"puriﬁed recombinant enzyme, 60 min, pH 3.0, 98%remaining activity",707258
temperature_stability,60,Cellulomonas uda,-,half-life: 10 min,136300
temperature_stability,60,Demequina sp. JK4,B9VSZ3,"puriﬁed recombinant enzyme, 80% activity remaining",709491
temperature_stability,60,Fusarium proliferatum,-,loss of 78% activity after 30 min at pH 5.0,657201
temperature_stability,60,Irpex lacteus,-,"pH 5.0, 10 min, stable up to",171612
temperature_stability,60,Kocuria sp. Mn22,B8XY24,"puriﬁed recombinant enzyme, 60 min, 30% activityremaining",709503
temperature_stability,60,Laetiporus sulphureus,-,retains approximately 97% of its relative activity followingincubation for 4 h,699053
temperature_stability,60,Luteimicrobiumxylanilyticum,A0A286LNP2,"1 h, 80% residual activity",745089
temperature_stability,60,Melanocarpusalbomyces,-,"isozyme IIb shows a half-life of 94.5 min, isozyme IId of85.6 min, isozyme Ia of 164.3 min",654986
temperature_stability,60,Mycothermusthermophilus,-,"45 min, xylanase 2 completely loses activity, xylanase 1retains 50% of its activity",738127
temperature_stability,60,Parageobacillusthermantarcticus,-,stable for 24 h,657331
temperature_stability,60,Pediococcusacidilactici,-,"puriﬁed extracellular enzyme, 2 h, loss of 80% activity,half-life is 20 min",750814
temperature_stability,60,Penicillium canescens,C3VEV9,half-life 7 h,729182
temperature_stability,60,Penicillium occitanis(nom. inval.),-,"puriﬁed enzyme, 1 h, 50% activity remaining",718338
temperature_stability,60,Phanerodontiachrysosporium,-,"isoforms xynA, xynC, stable for 30 min",664683
temperature_stability,60,Pseudopedobactersaltans,F0S6Y3,"puriﬁed recombinant enzyme, pH 6.0, 90 min, inactivation",752084
temperature_stability,60,Pseudozymahubeiensis,-,"puriﬁed PhX20, half-life is 10 min",707766
temperature_stability,60,Saccharopolysporapathumthaniensis,E1APH5,"puriﬁed enzyme, half-life is 180 min",717401
temperature_stability,60,Staphylococcus sp.,-,half-life 10 min,171641
temperature_stability,60,Streptomycescoelicolor,Q8CJQ1,"1 h, 16% residual activity",737481
temperature_stability,60,Streptomyces sp.,-,"half-lives: Xyl1 10 min, Xyl2 30 min, Xyl3 70 min",655355
temperature_stability,60,Talaromycespurpureogenus,A0A2H4RAC5,"puriﬁed recombinant enzyme, pH 6.5, 60 min, stable",749635
temperature_stability,60,Termitomycesclypeatus,-,stable up to,171630
temperature_stability,60,Thermoascusaurantiacus,-,"97 h, retains full activity",171601
temperature_stability,60,Thermoascusaurantiacus,-,retains full activity for 97 h,171601
temperature_stability,60,Thermoascusaurantiacus,-,half-life 4 days,742421
temperature_stability,60,Thermochaetoidesthermophila,Q8J1V6,"puriﬁed recombinant enzyme expressed from gene withintron, half-life is 72 min",709894
temperature_stability,60,Thermochaetoidesthermophila,G0S9G3,"120 min, enzyme retains about 85% of its initial activity,xylanase ativity",750799
temperature_stability,60,Thermochaetoidesthermophila,G0S9G3,"120 min, enzyme retains more than 80% of its initialactivity, endoglucanase activity",750799
temperature_stability,60,Thermochaetoidesthermophila,G0S9G3,"puriﬁed recombinant His-tagged enzyme, 90% activityremaining after 120 min",750799
temperature_stability,60,Thermoclostridiumstercorarium subsp.thermolacticum,-,"4 days, 10% loss of activity",171649
temperature_stability,60,Thermomyceslanuginosus,-,stable for more than 48 h,171643
temperature_stability,60,Thermomyceslanuginosus,O43097,"96 h, 80% residual activity",731025
temperature_stability,60,Thermomyceslanuginosus,-,stable,737547
temperature_stability,60,Thermomyceslanuginosus,-,"4 h, 50% residual activity",742214
temperature_stability,60,Thermomyceslanuginosus,-,"pH 5-9, stable for 5 h",646829
temperature_stability,60,Thermomyceslanuginosus,O43097,"t1/2: 347 min, fusion enzyme (EG-M-Xyn) ofendoglucanase (cellulase) from Teleogryllus emma and",750783
temperature_stability,60,Thermomyceslanuginosus,,"xylanase from Thermomyces lanuginosus, xylanaseactivity",
temperature_stability,60,Thermomyceslanuginosus,O43097,"t1/2: 16 min, fusion enzyme (EG-M-Xyn) of endoglucanase(cellulase) from Teleogryllus emma and xylanase fromThermomyces lanuginosus, endoglucanase activity",
temperature_stability,60,Thermomyceslanuginosus,Thermothelomycesheterothallicus,half-life 150 min,
temperature_stability,60,Thermomyceslanuginosus,Thermotoga maritima,"recombinant mutant hybrid enzyme, 30 min, over 85%activity remaining",
temperature_stability,60,Thermomyceslanuginosus,Trichoderma reesei,"20 h, 84% loss of activity of xylanase I, 76% loss of activityof xylanase II",
temperature_stability,60,Thermomyceslanuginosus,B2CNY5,over 65% activity remaining after 30 min,
temperature_stability,60,Thermomyceslanuginosus,,"puriﬁed enzyme, 30 min, loss of about 70% activity",
temperature_stability,60,Thermomyceslanuginosus,,"recombinant mutant hybrid enzyme, 30 min, over 85%activity remaining",
temperature_stability,60,Thermomyceslanuginosus,LC132960,"30 min, 51% residual activity, mutant Q286A/N340Y",
temperature_stability,60,Thermomyceslanuginosus,Trichoderma virens,"10 min, complete loss of activity",
temperature_stability,60,Thermomyceslanuginosus,B2LWN3,"Xyn11 in its apo form, is not subject to thermal inactivationup to 60°C",
temperature_stability,60,Thermomyceslanuginosus,E2DQY5,"xylan as substrate, remains 60% activity after treatmentfor 1 h",
temperature_stability,60,Thermomyceslanuginosus,E2DQY5,"puriﬁed recombinant RuCelA, 1 h, 60% activity remaining","puriﬁed recombinant RuCelA, 1 h, 60% activity remaining"
temperature_stability,60 - 65,Trichoderma reesei,-,"marginally stable at temperatures above 60°C, with half-life of about 0.5 min at 65°C",680210
temperature_stability,60 - 70,Actinomadura sp.,-,"puriﬁed recombinant XynS14s, 12 h, completely stable",717886
temperature_stability,60 - 70,Halalkalibacteriumhalodurans,-,"stable up to 60°C, retains 30% of original activity afterincubation at 70°C",681342
temperature_stability,60 - 70,[Caldibacillus]cellulovorans,Q9L8L8,thermostability of the recombinant catalytic domain isdecreased to 60°C in absence and increased to 70°C inpresence of the recombinant N-terminal thermostabilizingdomain D1,656718
temperature_stability,60 - 80,Streptomyces sp. T7,-,"the enzyme shows excellent thermostability, retainingover 90% of the residual activity after 60 min of incubationat 60°C. Furthermore, the enzyme retains more than 40%activity when incubated at 80°C for 60 min",774465
temperature_stability,60.1,Teredinibacter turnerae,C5BJ89,apoenzyme with xylohexaose,749504
temperature_stability,64.6,Talaromyces pinophilus,W8VR85,"mutant D65P/N66G, melting temperature",737727
temperature_stability,65,Alicyclobacillus sp.,D3VWB5,"puriﬁed recombinant XynA4, half-life is 17 min",717947
temperature_stability,65,Aspergillus fumigatus,-,"1 h, 50% residual activity",742216
temperature_stability,65,Geobacillus sp. WBI,B5M201,"1 h, pH 10, 100% residual activity",738547
temperature_stability,65,Geobacillusstearothermophilus,-,"pH 7.0, 10 h, stable, pH 9.0, half-life is 6 h",171651
temperature_stability,65,Malbrancheacinnamomea,-,"1 h, 43% residual activity",741623
temperature_stability,65,Neocallimastixpatriciarum,Q9UV68,"20 min, wild-type, 70% loss of activity, mutantN38Y/F52W/G56Y/G201L, about 10% loss of activity",744133
temperature_stability,65,Paenibacillus sp.,-,"puriﬁed native enzyme, half-life is 415.12 min",717094
temperature_stability,65,Streptomycesipomoeae,MK331807,"1 h, no loss of activity",750086
temperature_stability,65,Streptomyces sp. TN119,C6FX34,"puriﬁed recombinant enzyme, 1 h, 70% remaining activity",707196
temperature_stability,65,Thermoclostridiumstercorarium,-,"15 days, stable",171615
temperature_stability,65,Thermopolysporaﬂexuosa,-,"recombinant His-tagged enzyme, 30 min, completelystable up to",707229
temperature_stability,65,Thermothelomycesfergusii,-,"1 h, 61% residual activity",741623
temperature_stability,65,Thermothelomycesthermophilus,-,"1 h, 90% residual activity",742216
temperature_stability,65,Thermothielavioidesterrestris,-,half-life 23 days,742470
temperature_stability,65,,-,"6 h, 80% residual activity",741661
temperature_stability,65,Trametes hirsuta,-,"30 min, 90% loss of activity",171629
temperature_stability,65,Trichoderma reesei,-,"half-lives: wild-type enzyme below 1 min, S110C/N154C 14min, S110C/N154C/Q162H and S110C/N154C/Q162Y 63min, S110C/N154C/Q162H/N11D 107 min,S110C/N154C/Q162Y/N11D 97 min,S110C/N154C/Q162H/N11D/N38D 112 min",656334
temperature_stability,65,Trichoderma viride,-,"30 min, complete inactivation",171623
temperature_stability,66,Aspergillus nidulans,-,half-life: 3 min,171658
temperature_stability,66,Thermomyceslanuginosus,O43097,"melting temperature, wild-type",742096
temperature_stability,70,Acetivibriothermocellus,"P10478,O32374","2 h, 87% activity of mutant Xyn-BDC is remaining, 42% ofmutant Xyn-BDC",709200
temperature_stability,70,,"P10478,O32374","2 h, mutant Xyn-C loses all activity, while mutant XynC-BCretains 70% activity",709200
temperature_stability,70,Alicyclobacillus sp.,D3VWB5,"puriﬁed recombinant XynA4, half-life is 3 min",717947
temperature_stability,70,Aspergillus fumigatus,E0X4B3,"1 h, complete loss of activity for wild-type, 46% residualactivity for mutant T16A/T39I/L176Q, 33% for mutantA60D, 25.8% for mutant S68R, 23.8% for mutantQ47P/S159R",738888
temperature_stability,70,Aspergillus niger,F5CI28,"10 min, complete loss of activity",729014
temperature_stability,70,Bacillus licheniformis,-,"the recombinant enzyme is stable below 70°C, enzymeactivity is rapidly lost above 70°C, the residual activity ofthe recombinant BlxA is 76% at 70°C and pH 6.0 after 2min",682685
temperature_stability,70,,-,"partially puriﬁed extracellular xylanase, loss of 80%activity after 120 min",752334
temperature_stability,70,Bacillus sp. (in:ﬁrmicutes),-,complete inactivation after 1 day,171656
temperature_stability,70,,-,"pH 6.0, 4 h, 20% loss of activity in presence of xylan, 80%loss of activity without xylan",171645
temperature_stability,70,,-,"15 min, stable",171628
temperature_stability,70,,-,"4 h, in presence of xylan, 20% loss of activity",171645
temperature_stability,70,,-,"4 h, 20% activity remaining",717091
temperature_stability,70,,-,"puriﬁed enzyme, 5 h, 82% activity remaining",717105
temperature_stability,70,Bacillus subtilis,-,"35% ﬁnal residual activity in presence of 0.5 M trehaloseas well as 2fold increased half-lives of XylII and XylI,inactivation in absence of trehalose",655381
temperature_stability,70,,Q45VU2,"glycosylated recombinant enzyme, 1 h, 90% remainingactivity",707810
temperature_stability,70,-,,"the thermostable variant XynAG3 loses 90% of its activityafter 10 min, and after 30 min no activity is observed. Thechimeric CotA-XynAG3 retains 60% activity after 10 minand about 20% activity after 120 min. The half-lives of thechimeric enzymes XynAG3 and CotA-XynAG3 are 2.2 and21 min",719992
temperature_stability,70,,A0A172MAU1,"3 h, immobilized enzyme retains 45.3% of its activity,soluble enzyme retains 16.3% of its activity",750593
temperature_stability,70,Caldicellulosiruptorsaccharolyticus,-,"pH 6.0, half-life: 4 min in absence of added protein, 30min, in presence of 0.5 mg/ml bovine serum albumin",171655
temperature_stability,70,Geobacillusstearothermophilus,-,"pH 7.0, half-life is 14.5 h",171651
temperature_stability,70,Irpex lacteus,-,"pH 5.0, 10 min, inactivated",171612
temperature_stability,70,,B8XY24,"puriﬁed recombinant enzyme, 60 min, 10% activityremaining",709503
temperature_stability,70,Malbrancheacinnamomea,A0A088BC14,half-life 76 min,742680
temperature_stability,70,Melanocarpusalbomyces,-,"isozyme Ia shows a half-life of 16.7 min, isozyme IId of 15.6min",654986
temperature_stability,70,Nesterenkoniaxinjiangensis,D1KJJ7,"puriﬁed enzyme, pH 7.0, 60 min, 55% activity remaining",707216
temperature_stability,70,Paecilomyces sp.'thermophila',D1G4K3,"recombinant His-tagged enzyme, half-life is 174.8 min",707603
temperature_stability,70,Paenibacillus sp.,-,"puriﬁed native enzyme, half-life is 102.8 min",717094
temperature_stability,70,Parageobacillusthermantarcticus,-,half-life 24 h,657331
temperature_stability,70,Penicillium janczewskii,-,"24 h, more than 70% residual activity",739567
temperature_stability,70,Penicillium occitanis(nom. inval.),-,"puriﬁed enzyme, 15 min, 68% activity remaining",718338
temperature_stability,70,Phanerodontiachrysosporium,-,"isoforms xynA, xynB, xynC, complete inactivation in 30min",664683
temperature_stability,70,,F2VRY7,"XYN10G, about 90% of activity remaining after 1 h, 37°C",717131
temperature_stability,70,Pseudozymahubeiensis,-,"puriﬁed PhX33, half-life is 15 min",707766
temperature_stability,70,Rasamsoniabyssochlamydoides,-,"pH 5.5, 5 min, xylanase X-a, X-b-I and X-b-II, stable up to",171627
temperature_stability,70,Rhizophlyctis rosea,A0A2U8LMQ3,"1 h, 56% residual activity (small enzyme form RrXyn11A S),1 h, 65% residual activity (larger enzyme form RrXyn11A L)",749718
temperature_stability,70,Saccharopolysporapathumthaniensis,E1APH5,"puriﬁed enzyme, half-life is 120 min",717401
temperature_stability,70,Streptomycesavermitilis,Q9X584,"puriﬁed heavier protein band (42.8 kDa), retains more than40% after a 1 h incubation at 70°C. Retains 35% of itsactivity after a 1 h incubation at 87°C",698373
temperature_stability,70,Streptomycesipomoeae,MK331807,"1 h, 15% loss of activity",750086
temperature_stability,70,Streptomyces sp.,-,"30 min, complete inactivation",171660
temperature_stability,70,C6FX34,"puriﬁed recombinant enzyme, 1 h, 45% remaining activity",707196,
temperature_stability,70,Talaromycesfuniculosus,Q5ZNB1,"puriﬁed recombinant enzyme, 180 min, no loss of activity",718080
temperature_stability,70,Termitomycesclypeatus,-,"1 h, complete loss of activity",171630
temperature_stability,70,Thermoascusaurantiacus,-,"24 h, retains full activity",171601
temperature_stability,70,Thermoascusaurantiacus,-,retains full activity for 24 h,171601
temperature_stability,70,Thermoascusaurantiacus,-,hlaf-life 1.5 days,742421
temperature_stability,70,Thermoascusaurantiacus,-,half-life 204 h,742959
temperature_stability,70,Thermoascusaurantiacus,-,stable for 8 h,741753
temperature_stability,70,Thermoascusaurantiacus,-,stable up to 6 h,735783
temperature_stability,70,Thermobiﬁda fusca,-,"both recombinant TfxA and mutant 2TfxA98 are stable at70°C during 30 min incubation, although the mutant isslightly less stable than the parent at 70°C after 30 min ofincubation",696903
temperature_stability,70,Thermochaetoidesthermophila,Q8J1V6,"puriﬁed recombinant enzyme expressed from gene withintron, half-life is 39.4 min",709894
temperature_stability,70,Thermochaetoidesthermophila,G0S9G3,"60 min, enzyme retains 66.2% of its initial activity,xylanase ativity",750799
temperature_stability,70,Thermochaetoidesthermophila,G0S9G3,"60 min, enzyme retains 74.3% of its initial activity,endoglucanase activity",750799
temperature_stability,70,Thermochaetoidesthermophila,G0S9G3,"puriﬁed recombinant His-tagged enzyme, half-life ofendoxylanase activity is 100 min, 40% activity remainingafter 120 min",750799
temperature_stability,70,Thermoclostridiumstercorarium,-,"10 min, xylanase A, stable",171582
temperature_stability,70,Thermoclostridiumstercorarium,-,stable up to,171661
temperature_stability,70,Thermomyceslanuginosus,-,mutant enzyme retains over 50% activity after 2 h,655088
temperature_stability,70,Thermomyceslanuginosus,O43097,"80 min, 60% remaining activity, native and recombinantenzyme",654274
temperature_stability,70,Thermomyceslanuginosus,-,"30 min, stable up to. 120 min, 67% residual activity",742766
temperature_stability,70,Thermomyceslanuginosus,O43097,"wild-type at pH 8.0, half-life 11 min in presence ofsubstrate, 33 min in absence of substrate, respectively.Mutant Q1C/Q24C at pH 8.0, half-life 229 min in presenceof substrate, 315 min in absence of substrate,respectively. Mutant Q1C/Q24C at pH 9.0, half-life 112 minin presence of substrate, 169 min in absence of substrate,respectively",742096
temperature_stability,70,Thermomyceslanuginosus,O43097,"t1/2: 231 min, fusion enzyme (EG-M-Xyn) ofendoglucanase (cellulase) from Teleogryllus emma andxylanase from Thermomyces lanuginosus, xylanaseactivity",750783
temperature_stability,70,Thermomyceslanuginosus,O43097,"t1/2: 15 min, fusion enzyme (EG-M-Xyn) of endoglucanase(cellulase) from Teleogryllus emma and xylanase fromThermomyces lanuginosus, endoglucanase activity",750783
temperature_stability,70,Thermothelomycesheterothallicus,-,half-life 15 min,655176
temperature_stability,70,Thermothelomycesthermophilus,"G2QIK8,G2QDB9","puriﬁed recombinant enzyme, 30 min, 60% activityremaining",750646
temperature_stability,70,Trichoderma reesei,-,"20 h, complete inactivation",136301
temperature_stability,70,Trichoderma reesei,,-,"10 min: inactivation of mutant S110C/N154C, 50-60%remaining activity of mutants S110C/N154C/Q162H/N11D,S110C/N154C/Q162Y/N11D, andS110C/N154C/Q162H/N11D/N38D"
temperature_stability,70,Trichoderma reesei,,-,"puriﬁed enzyme, 30 min, loss of over 90% activity"
temperature_stability,70,Trichoderma reesei,,-,"puriﬁed recombinant enzyme, loss of 60% activity after 30min"
temperature_stability,70,Trichoderma reesei,,-,"the enzymeactivity remains stable after 30 min at 70°C,but decreases at higher temperatures. No residual activityis detected above 80°C"
temperature_stability,70,Trichoderma reesei,E2DQY5,"xylan as substrate, almost loses its activity aftertreatment for 1 h","xylan as substrate, almost loses its activity aftertreatment for 1 h"
temperature_stability,70,Trichoderma reesei,E2DQY5,"puriﬁed recombinant RuCelA, 1 h, almost no activityremaining",
temperature_stability,70 - 75,Rhizomucor miehei,-,"puriﬁed enzyme, 60 min, completely stable",717022
temperature_stability,70 - 90,Halalkalibacteriumhalodurans,-,"stable up to 70°C, 2% and 16% of the original activity areretained after incubation at 80°C and 90°C, respectively",681342
temperature_stability,70.4,Thermoascusaurantiacus,-,"melting temperature, mutant N257D",738405
temperature_stability,70.9,Thermoascusaurantiacus,-,"melting temperature, wild-type and mutant Q158R",738405
temperature_stability,71.3,Thermoascusaurantiacus,-,"melting temperature, mutant H209N",738405
temperature_stability,74,Thermomyceslanuginosus,O43097,"melting temperature, mutant Q1C/Q24C",742096
temperature_stability,74.5,Talaromyces pinophilus,W8VR85,"mutant S35C/T62C, melting temperature",737727
temperature_stability,75,Bacillusamyloliquefaciens,-,"pH 6.8, 15 min, nearly all activity is destroyed",171646
temperature_stability,75,Bacillus sp. (in:ﬁrmicutes),-,"15 min, inactivation",171628
temperature_stability,75,Geobacillusstearothermophilus,-,"pH 7.0, half-life is 20 min",171651
temperature_stability,75,Microcella alkaliphila,A0A0U5B5Z4,"30 min, stable up to 75°C",738192
temperature_stability,75,Paecilomyces sp.'thermophila',D1G4K3,"recombinant His-tagged enzyme, half-life is 137.9 min",707603
temperature_stability,75,Pseudothermotogathermarum,F7YXD6,"2 h, 75% resiudal activity",729475
temperature_stability,75,Streptomycesipomoeae,MK331807,t1/2: 30 min,750086
temperature_stability,75,Thermoclostridiumstercorarium,-,"1 h, xylanase A and C are stable, xylanase B retains 85% ofits activity",171615
temperature_stability,75,Thermomyceslanuginosus,-,"30 min, 80% loss of activity",171643
temperature_stability,75 - 95,Halalkalibacteriumhalodurans,-,"the enzyme retains more than 80% activity whenincubated at 75°C for 2 h, 37% activity when incubated at85°C for 2 h, and 18% activity after incubation at 95°C for60 min",774238
temperature_stability,80,Acetivibriothermocellus,A3DJS9,"melting temperature, Ca2+ ions provide extra thermalstability",773744
temperature_stability,80,Actinomadura sp.,-,"XynS14 expressed from Pichia pastoris shows 50%remaining activity after 2 h, the enzyme expressed from",717886
temperature_stability,80,,"Escherichia coli shows 30% remaining activity. In thepresence of sorbitol at 90% and glycerol at 50%, theenzyme retains approximately 70% and 80% activity,respectively, at 80°C for 4 h",,
temperature_stability,80,Aspergillus niger,-,"15 min, xylanase IA and Ib are rapidly inactivated above,xylanase II is completly inactivated",171633
temperature_stability,80,Aspergillus niger,-,"15 min, complete inactivation",171634
temperature_stability,80,Aspergillus niger,-,half-life of 33 min,664489
temperature_stability,80,Aspergillus tubingensis,-,22% activity remaining,707209
temperature_stability,80,Bacillus licheniformis,-,"partially puriﬁed extracellular xylanase, loss of 85%activity after 120 min",752334
temperature_stability,80,Bacillus sp. (in:ﬁrmicutes),-,"15 min, complete loss of activity",171645
temperature_stability,80,Bacillus subtilis,Q45VU2,"glycosylated recombinant enzyme, 1 h, 86% remainingactivity",707810
temperature_stability,80,D6MYS9,D6MYS9,"puriﬁed recombinant enzyme, 5 min, pH 3.0, 25%remaining activity",707258
temperature_stability,80,D0QF43,D0QF43,"puriﬁed recombinant Xyl10C, 60 min, completely stablemhalf-life is 45 h",708455
temperature_stability,80,Caldicellulosiruptorowensensis,E4Q2A4,half-life 1 h,745147
temperature_stability,80,Caldicellulosiruptorsaccharolyticus,-,"pH 6.0, half-life is 20 min in presence of 0.5 mg/ml bovineserum albumin",171655
temperature_stability,80,Halalkalibacteriumhalodurans,M4QNR9,"wild-type, half-life 35 min, recombinant glycosylatedenzyme, half-life 45 min",737851
temperature_stability,80,Melanocarpusalbomyces,-,all isozymes are inactivated within 10 min,654986
temperature_stability,80,Melioribacter roseus,"I7A603,I6Z823,I6Z9A7",half-life 1 h,738862
temperature_stability,80,Nesterenkoniaxinjiangensis,D1KJJ7,"puriﬁed enzyme, pH 7.0, 60 min, 10% activity remaining",707216
temperature_stability,80,Parageobacillusthermantarcticus,-,hlaf-life 50 min,657331
temperature_stability,80,Penicillium janczewskii,-,half-life 1.7 h,739567
temperature_stability,80,Rhizomucor miehei,-,"puriﬁed enzyme, 60 min, 80% activity remaining",717022
temperature_stability,80,Saccharopolysporapathumthaniensis,E1APH5,"puriﬁed enzyme, inactivation",717401
temperature_stability,80,Talaromycesfuniculosus,Q5ZNB1,"puriﬁed recombinant enzyme, 10 min, loss of 80% activity",718080
temperature_stability,80,Thermoascusaurantiacus,-,half-life: 54 min,171601
temperature_stability,80,Thermoascusaurantiacus,-,half-life 32 min,741753
temperature_stability,80,Thermochaetoidesthermophila,Q6UN40,"retains 35% enzyme activity. The enzyme shows half livesof 1100, 330, 86, 70, 19.3 and 11.4 min at 30, 40, 50, 60, 70and 80°C, respectively",701091
temperature_stability,80,Thermochaetoidesthermophila,Q8J1V6,"puriﬁed recombinant enzyme expressed from gene withintron, half-life is 18.7 min",709894
temperature_stability,80,Thermochaetoidesthermophila,G0S9G3,"60 min, enzyme retains about 50% of its initial activity,xylanase ativity",750799
temperature_stability,80,Thermochaetoidesthermophila,,G0S9G3,"60 min, enzyme retains 61.3% of its initial activity,endoglucanase activity"
temperature_stability,80,Thermochaetoidesthermophila,,G0S9G3,"puriﬁed recombinant His-tagged enzyme, half-life ofendoxylanase activity is 40 min, 10% activity remainingafter 80 min, inactivation after 120 min"
temperature_stability,80,Thermochaetoidesthermophila,Thermoclostridiumstercorarium,-,enzyme begins to denature at around 80°C
temperature_stability,80,Thermochaetoidesthermophila,Thermomonospora sp.,-,half-life 86 min
temperature_stability,80,Thermochaetoidesthermophila,Thermomyces dupontii,-,half-life 4 h
temperature_stability,80,Thermochaetoidesthermophila,Thermomyceslanuginosus,O43097,"40 min, 60% remaining activity, native and recombinantenzyme"
temperature_stability,80,Thermochaetoidesthermophila,,-,loses 90% activity after 10 min at 80°C
temperature_stability,80,Thermochaetoidesthermophila,,O43097,"t1/2: 63 min, fusion enzyme (EG-M-Xyn) of endoglucanase(cellulase) from Teleogryllus emma and xylanase fromThermomyces lanuginosus, xylanase activity"
temperature_stability,80,Thermochaetoidesthermophila,,O43097,"t1/2: 12 min, fusion enzyme (EG-M-Xyn) of endoglucanase(cellulase) from Teleogryllus emma and xylanase fromThermomyces lanuginosus, endoglucanase activity"
temperature_stability,80,Thermochaetoidesthermophila,Thermopolysporaﬂexuosa,-,"recombinant His-tagged enzyme, 30 min, 50% activityremaining"
temperature_stability,80,Thermochaetoidesthermophila,Thermothelomycesheterothallicus,-,24% remaining activity
temperature_stability,80,Thermochaetoidesthermophila,Thermotoga petrophila,A5IL00,"8 h, enzyme remains stable"
temperature_stability,80.5,Talaromyces pinophilus,T2HRP0,melting temperature,730881
temperature_stability,80.5,,W8VR85,"mutantS35C/N44H/Y61M/T62C/N63L/D65P/N66G/T101P/S102N,melting temperature",737727
temperature_stability,81,Thermoclostridiumstercorarium,-,"half-life of xylanase A is 90 min, half-life of xylanase B is 2min 30 s, half-life of xylanase C is 8 min",171615
temperature_stability,85,Bispora sp. MEY-1,D0QF43,"puriﬁed recombinant Xyl10C, half-life is 3 h",708455
temperature_stability,85,Paecilomyces sp.'thermophila',D1G4K3,"recombinant His-tagged enzyme, 30 min, over 60%activity remaining, half-life is 68.2 min",707603
temperature_stability,85,Rhizomucor miehei,-,"puriﬁed enzyme, 60 min, 40% activity remaining",717022
temperature_stability,85,[Caldibacillus]cellulovorans,Q9L8L8,12% remaining activity of recombinant catalytic domain,656718
temperature_stability,90,Acidothermuscellulolyticus,-,half-life is 1.5 h in presence of xylan,717123
temperature_stability,90,Aspergillus niger,-,"pH 5.0, 10 min, 40% residual activity",731024
temperature_stability,90,Bacillus licheniformis,-,"X-I presents 50% activity at 90°C, and X-II presents 80%activity at the same temperature",677623
temperature_stability,90,,-,"partially puriﬁed extracellular xylanase, loss of 90%activity after 120 min",752334
temperature_stability,90,Bispora sp. MEY-1,D0QF43,"puriﬁed recombinant Xyl10C, 10 min, 87% remainingactivity",708455
temperature_stability,90,Halalkalibacteriumhalodurans,-,half-life 60 h,729408
temperature_stability,90,Nesterenkoniaxinjiangensis,D1KJJ7,"puriﬁed enzyme, pH 7.0, 60 min, 5% activity remaining",707216
temperature_stability,90,Rhizomucor miehei,-,"puriﬁed enzyme, half-life is 30 min, 20% activity remainingafter 60 min",717022
temperature_stability,90,Saccharolobussolfataricus,-,"50% maximal activity is measured after 85 min at 90°C,23% residual activity after 3 h at 90°C",679721
temperature_stability,90,Teredinibacter turnerae,C5BJ89,"puriﬁed recombinant enzyme, 20 min, inactivation",749504
temperature_stability,90,Thermobiﬁda fusca,Q47QL8,"30 min, more than 10% residual activity, recombinantprotein, both with and without His-tag",737932
temperature_stability,90,Thermochaetoidesthermophila,G0S9G3,"60 min, enzyme retains about 30% of its initial activity,xylanase ativity",750799
temperature_stability,90,,G0S9G3,"40 min, enzyme retains about 28% of its initial activity,endoglucanase activity",750799
temperature_stability,90,,G0S9G3,"puriﬁed recombinant His-tagged enzyme, half-life ofendoxylanase activity is 30 min, inactivation after 80 min",750799
temperature_stability,90,Thermomonospora sp.,-,half-life 30 min,654413
temperature_stability,90,Thermomyces dupontii,-,half-life 2 h,741630
temperature_stability,90,Thermomyceslanuginosus,-,"30 min, complete inactivation",171643
temperature_stability,90,,O43097,"t1/2: 20 min, fusion enzyme (EG-M-Xyn) of endoglucanase(cellulase) from Teleogryllus emma and xylanase fromThermomyces lanuginosus, xylanase activity",750783
temperature_stability,90,,O43097,"t1/2: 12 min, fusion enzyme (EG-M-Xyn) of endoglucanase(cellulase) from Teleogryllus emma and xylanase fromThermomyces lanuginosus, endoglucanase activity",750783
temperature_stability,90,Thermotoga maritima,-,stable below,663571
temperature_stability,95,Rasamsoniabyssochlamydoides,-,"5 min, enzyme form X-a retains 65% of the originalactivity, enzyme form X-b-I retains 65% of the originalactivity, enzyme form X-b-II retains 65% of the originalactivity",171627
temperature_stability,95,,-,"t1/2: 5 min, xylanase a",738999
temperature_stability,95,Saccharolobussolfataricus,Q97YG7,half-life: 53 min,692258
temperature_stability,95,Thermopolysporaﬂexuosa,-,"recombinant His-tagged enzyme, 30 min, 10% activityremaining",707229
temperature_stability,95,[Caldibacillus]cellulovorans,Q9L8L8,60% remaining activity of recombinant N-terminal +catalytic domains,656718
temperature_stability,96,Thermotoga petrophila,A5IL00,half-life: 54.5 min,748630
temperature_stability,96,additionalinformation,Aspergillus cf. nigerBCC14405,Q6QA21,thermostablitiy increases by 30-50% when 2 M sorbitol isadded
temperature_stability,96,additionalinformation,,-,thermostablitiy increases by 30-50% when 2 M sorbitol isadded
temperature_stability,96,additionalinformation,Aspergillus ochraceus,-,K+ stabilizes against thermal inactivation
temperature_stability,96,additionalinformation,Bacillus subtilis,-,"trehalose stabilizes both isozymes at 60°C and 70°C andincreases the enzyme activity, thermal deactivationkinetics of enzyme forms XylI and XylII"
temperature_stability,96,additionalinformation,Euphausia superba,-,very low thermostability of isozymes A and B
temperature_stability,96,additionalinformation,Melanocarpusalbomyces,-,"half-lives of the 7 isozymes at different temperatures,isozyme Ia is the most stable, overview"
temperature_stability,96,additionalinformation,Niallia circulans,P09850,Tm of wild-type and mutant enzymes
temperature_stability,96,additionalinformation,,P09850,"thermal denaturation measurements, circular dichroism,overview"
temperature_stability,96,additionalinformation,,-,"thermal denaturation measurements, circular dichroism,overview"
temperature_stability,96,additionalinformation,Paenibacillus terrae,F1KBQ3,the absence of the xylan-binding domain results in adecrement of 40% in thermostability
temperature_stability,96,additionalinformation,Pseudoalteromonashaloplanktis,Q8RJN8,psychrophilic enzyme with high activity at lowtemperatures and low thermal stability
temperature_stability,96,additionalinformation,Thermopolysporaﬂexuosa,-,"the C-terminal carbohydrate binding module has only aslight effect, whereas a polyhistidine tag increases thethermostability of XYN10A"
temperature_stability,96,additionalinformation,Thermotoga maritima,-,features that account for the high thermostability ofenzyme are clusters of aromatic residues together with alack of exposed hydrophobic residues
